canon_code,canon_name,Y1997,Y1998,Y1999,Y2000,Y2001,Y2002,Y2003,Y2004,Y2005,Y2006,Y2007,Y2008,Y2009,Y2010,Y2011,Y2012,Y2013,Y2014,Y2015,Y2016,Y2017,Y2018,Y2019,Y2020,Y2021,Y2022,Y2023,Y2024
2772025000,군위읍,,,,,,,,,,,,,,,,,,,,,,,,,,,8069.0,7803.0
2772031000,소보면,,,,,,,,,,,,,,,,,,,,,,,,,,,2317.0,2264.0
2772032000,효령면,,,,,,,,,,,,,,,,,,,,,,,,,,,3750.0,3657.0
2772033000,부계면,,,,,,,,,,,,,,,,,,,,,,,,,,,2094.0,2076.0
2772034000,우보면,,,,,,,,,,,,,,,,,,,,,,,,,,,1939.0,1917.0
2772035000,의흥면,,,,,,,,,,,,,,,,,,,,,,,,,,,2317.0,2257.0
2772036000,산성면,,,,,,,,,,,,,,,,,,,,,,,,,,,1188.0,1194.0
2772037000,삼국유사면,,,,,,,,,,,,,,,,,,,,,,,,,,,1314.0,1295.0
4374025000,영동읍,22661.0,22717.0,22847.0,22550.0,22263.0,22248.0,21835.0,21530.0,21267.0,20885.0,20600.0,21031.0,21218.0,21324.0,21653.0,21901.0,21876.0,22170.0,22293.0,22368.0,22256.0,22208.0,21746.0,20911.0,20163.0,19729.0,19449.0,19245.0
4374031000,용산면,4891.0,4840.0,4719.0,4597.0,4440.0,4195.0,4083.0,3943.0,3881.0,3823.0,3766.0,3715.0,3664.0,3714.0,3722.0,3670.0,3598.0,3655.0,3548.0,3530.0,3499.0,3451.0,3394.0,3298.0,3228.0,3286.0,3246.0,3204.0
4374032000,황간면,6282.0,6221.0,6149.0,5964.0,5760.0,5509.0,5280.0,5165.0,5055.0,4956.0,4801.0,4774.0,4746.0,4692.0,4693.0,4790.0,4765.0,4735.0,4735.0,4669.0,4646.0,4520.0,4424.0,4376.0,4208.0,4053.0,3986.0,3906.0
4374033500,추풍령면,3402.0,3369.0,3309.0,3178.0,3105.0,3038.0,2908.0,2820.0,2759.0,2690.0,2653.0,2614.0,2577.0,2597.0,2579.0,2515.0,2594.0,2568.0,2507.0,2481.0,2453.0,2400.0,2322.0,2300.0,2227.0,2230.0,2168.0,2137.0
4374034000,매곡면,2722.0,2640.0,2610.0,2529.0,2420.0,2333.0,2285.0,2206.0,2167.0,2144.0,2157.0,2143.0,2150.0,2112.0,2107.0,2131.0,2102.0,2101.0,2043.0,2083.0,2053.0,2022.0,1973.0,1943.0,1893.0,1874.0,1837.0,1796.0
4374035000,상촌면,3235.0,3178.0,3067.0,2980.0,2931.0,2819.0,2669.0,2606.0,2607.0,2547.0,2494.0,2425.0,2442.0,2494.0,2510.0,2470.0,2439.0,2473.0,2488.0,2478.0,2488.0,2431.0,2430.0,2388.0,2289.0,2232.0,2165.0,2141.0
4374036000,양강면,4554.0,4588.0,4526.0,4424.0,4185.0,4052.0,3922.0,3716.0,3656.0,3617.0,3616.0,3686.0,3714.0,3670.0,3548.0,3485.0,3463.0,3418.0,3451.0,3390.0,3324.0,3373.0,3319.0,3249.0,3119.0,3077.0,3001.0,2946.0
4374037000,용화면,1233.0,1250.0,1191.0,1125.0,1106.0,1072.0,1061.0,1020.0,989.0,980.0,989.0,981.0,1011.0,1019.0,1057.0,1054.0,1047.0,1053.0,1061.0,1058.0,1069.0,1010.0,988.0,1014.0,973.0,958.0,948.0,914.0
4374038000,학산면,4575.0,4480.0,4308.0,4135.0,3995.0,3826.0,3612.0,3434.0,3319.0,3274.0,3216.0,3127.0,3130.0,3151.0,3077.0,3031.0,3032.0,3003.0,2970.0,2967.0,2977.0,2941.0,2865.0,2852.0,2739.0,2685.0,2659.0,2591.0
4374039000,양산면,2834.0,2881.0,2768.0,2682.0,2623.0,2495.0,2357.0,2259.0,2241.0,2187.0,2153.0,2132.0,2113.0,2117.0,2079.0,2066.0,2092.0,2100.0,2058.0,2012.0,1981.0,1935.0,1895.0,1872.0,1799.0,1784.0,1758.0,1732.0
4374040000,심천면,4816.0,4726.0,4600.0,4463.0,4356.0,4165.0,4024.0,3898.0,3859.0,3716.0,3686.0,3648.0,3661.0,3633.0,3596.0,3550.0,3531.0,3527.0,3539.0,3516.0,3494.0,3424.0,3382.0,3272.0,3135.0,3048.0,2978.0,2939.0
4711051000,구룡포읍,16000.0,,,,,,,,,,,,,,,,,,,,,,,,,,,
4711051001,홍해읍,35121.0,,,,,,,,,,,,,,,,,,,,,,,,,,,
4711051002,오천읍,39152.0,,,,,,,,,,,,,,,,,,,,,,,,,,,
4711051003,연일읍,23682.0,,,,,,,,,,,,,,,,,,,,,,,,,,,
4711051004,신광면,4743.0,,,,,,,,,,,,,,,,,,,,,,,,,,,
4711051005,청하면,8487.0,,,,,,,,,,,,,,,,,,,,,,,,,,,
4711051006,송라면,4302.0,,,,,,,,,,,,,,,,,,,,,,,,,,,
4711051007,기계면,7876.0,,,,,,,,,,,,,,,,,,,,,,,,,,,
4711051008,죽장면,4060.0,,,,,,,,,,,,,,,,,,,,,,,,,,,
4711051009,대송면,9401.0,,,,,,,,,,,,,,,,,,,,,,,,,,,
4711051010,동해면,16572.0,,,,,,,,,,,,,,,,,,,,,,,,,,,
4711051011,장기면,8256.0,,,,,,,,,,,,,,,,,,,,,,,,,,,
4711051012,대보면,3862.0,,,,,,,,,,,,,,,,,,,,,,,,,,,
4711051013,기북면,2025.0,,,,,,,,,,,,,,,,,,,,,,,,,,,
4711051014,대흥동,2592.0,,,,,,,,,,,,,,,,,,,,,,,,,,,
4711051015,중앙동,3739.0,,,,,,,,,,,,,,,,,,,,,,,,,,,
4711051016,덕수동,4058.0,,,,,,,,,,,,,,,,,,,,,,,,,,,
4711051017,대신동,5839.0,,,,,,,,,,,,,,,,,,,,,,,,,,,
4711051018,동빈동,2343.0,,,,,,,,,,,,,,,,,,,,,,,,,,,
4711051019,학산동,6364.0,,,,,,,,,,,,,,,,,,,,,,,,,,,
4711051020,항구동,2694.0,,,,,,,,,,,,,,,,,,,,,,,,,,,
4711051021,상대1동,25728.0,,,,,,,,,,,,,,,,,,,,,,,,,,,
4711051022,상대2동,16201.0,,,,,,,,,,,,,,,,,,,,,,,,,,,
4711051023,해도1동,17125.0,,,,,,,,,,,,,,,,,,,,,,,,,,,
4711051024,해도2동,19227.0,,,,,,,,,,,,,,,,,,,,,,,,,,,
4711051025,송도동,26758.0,,,,,,,,,,,,,,,,,,,,,,,,,,,
4711051026,양학동,13349.0,,,,,,,,,,,,,,,,,,,,,,,,,,,
4711051027,죽도1동,6602.0,,,,,,,,,,,,,,,,,,,,,,,,,,,
4711051028,죽도2동,25677.0,,,,,,,,,,,,,,,,,,,,,,,,,,,
4711051029,용흥1동,28426.0,,,,,,,,,,,,,,,,,,,,,,,,,,,
4711051030,용흥2동,4233.0,,,,,,,,,,,,,,,,,,,,,,,,,,,
4711051031,우창동,28041.0,,,,,,,,,,,,,,,,,,,,,,,,,,,
4711051032,두호동,21075.0,,,,,,,,,,,,,,,,,,,,,,,,,,,
4711051033,장양동,18347.0,,,,,,,,,,,,,,,,,,,,,,,,,,,
4711051034,환여동,6788.0,,,,,,,,,,,,,,,,,,,,,,,,,,,
4711051035,청림동,11523.0,,,,,,,,,,,,,,,,,,,,,,,,,,,
4711051036,제철동,5446.0,,,,,,,,,,,,,,,,,,,,,,,,,,,
4711051037,효곡동,19288.0,,,,,,,,,,,,,,,,,,,,,,,,,,,
4711051038,대이동,6673.0,,,,,,,,,,,,,,,,,,,,,,,,,,,
4711125000,구룡포읍,,15509.0,15040.0,14542.0,14515.0,13914.0,13509.0,13052.0,12558.0,12093.0,11618.0,11232.0,10741.0,10552.0,10164.0,9838.0,9607.0,9264.0,8900.0,8670.0,8400.0,8177.0,7885.0,7568.0,7335.0,7083.0,6827.0,6629.0
4711125300,연일읍,,26605.0,29938.0,31255.0,32223.0,32363.0,32400.0,32455.0,32081.0,31976.0,32944.0,34083.0,34372.0,34722.0,35329.0,35209.0,34871.0,34520.0,34246.0,33859.0,33375.0,32478.0,31611.0,30633.0,30278.0,29834.0,29134.0,28096.0
4711125600,오천읍,,38902.0,39074.0,39369.0,39973.0,41945.0,41970.0,41486.0,41462.0,41441.0,42801.0,43648.0,45065.0,48116.0,49116.0,50084.0,50805.0,52864.0,53743.0,55954.0,56811.0,56115.0,55622.0,54839.0,56185.0,55864.0,57679.0,57405.0
4711131000,대송면,,9154.0,8884.0,8487.0,8040.0,7741.0,7409.0,7155.0,6914.0,6617.0,6335.0,6040.0,5726.0,5556.0,5277.0,5046.0,4868.0,4657.0,4436.0,4207.0,4041.0,3820.0,3638.0,3500.0,3396.0,3326.0,3220.0,3102.0
4711132000,동해면,,16235.0,15751.0,15460.0,15076.0,14679.0,14534.0,14217.0,14057.0,13879.0,13493.0,13008.0,12536.0,12209.0,11878.0,11512.0,11029.0,10517.0,10150.0,9876.0,9569.0,9947.0,9967.0,9908.0,9763.0,9695.0,9503.0,9234.0
4711133000,장기면,,8005.0,7801.0,7411.0,7050.0,6812.0,6547.0,6390.0,6092.0,5962.0,5783.0,5699.0,5523.0,5408.0,5348.0,5226.0,5051.0,4924.0,4746.0,4579.0,4522.0,4369.0,4239.0,4117.0,4038.0,3955.0,3861.0,3737.0
4711134000,대보면,,3704.0,3591.0,3489.0,3352.0,3254.0,3153.0,3078.0,2977.0,2826.0,2784.0,2665.0,2637.0,,,,,,,,,,,,,,,
4711135000,호미곶면,,,,,,,,,,,,,,2551.0,2477.0,2403.0,2353.0,2242.0,2215.0,2139.0,2100.0,2038.0,1968.0,1887.0,1871.0,1790.0,1718.0,1689.0
4711151000,상대1동,,24913.0,23968.0,22765.0,22149.0,21234.0,20809.0,20183.0,20060.0,19628.0,19278.0,18982.0,,,,,,,,,,,,,,,,
4711152000,상대2동,,15565.0,14747.0,14148.0,13653.0,13230.0,13057.0,12840.0,12607.0,12346.0,12029.0,11778.0,,,,,,,,,,,,,,,,
4711152500,상대동,,,,,,,,,,,,,30078.0,29672.0,28867.0,28331.0,28239.0,27934.0,28686.0,27988.0,27417.0,26347.0,25632.0,24820.0,24717.0,24404.0,23954.0,22943.0
4711153000,해도1동,,16695.0,15769.0,15065.0,14708.0,14139.0,13863.0,13455.0,13223.0,12992.0,12588.0,12408.0,,,,,,,,,,,,,,,,
4711154000,해도2동,,18247.0,17454.0,16708.0,16124.0,15607.0,15270.0,14884.0,14846.0,14285.0,13739.0,13434.0,,,,,,,,,,,,,,,,
4711154500,해도동,,,,,,,,,,,,,25217.0,24082.0,22880.0,22072.0,21512.0,20768.0,20302.0,19895.0,19318.0,18534.0,17883.0,17256.0,17140.0,16893.0,16537.0,15994.0
4711155000,송도동,,25812.0,24810.0,23751.0,23047.0,22120.0,21677.0,21113.0,20783.0,19864.0,19985.0,19537.0,19160.0,18651.0,18088.0,17477.0,16757.0,16158.0,15486.0,14909.0,14391.0,13703.0,13037.0,12507.0,12172.0,11929.0,11608.0,11214.0
4711156000,청림동,,11315.0,11123.0,10592.0,10047.0,9513.0,9226.0,8986.0,8721.0,8474.0,8308.0,8038.0,7654.0,7373.0,7098.0,6823.0,6721.0,6473.0,6273.0,5928.0,5661.0,5336.0,4929.0,4694.0,4736.0,4630.0,4822.0,4654.0
4711157000,제철동,,5219.0,4698.0,4541.0,4077.0,4132.0,3981.0,3886.0,3881.0,3873.0,3818.0,3631.0,3715.0,3470.0,3438.0,3441.0,3404.0,3242.0,3365.0,3266.0,3297.0,3186.0,3070.0,2839.0,3007.0,2797.0,2593.0,2313.0
4711158000,효곡동,,21972.0,24745.0,25153.0,26892.0,26680.0,26438.0,26306.0,26133.0,25690.0,27460.0,29332.0,29657.0,30333.0,30700.0,31990.0,32348.0,32076.0,31999.0,32046.0,31960.0,31247.0,31017.0,30440.0,30598.0,30182.0,29941.0,29450.0
4711159000,대이동,,6559.0,6329.0,11276.0,12751.0,13230.0,15394.0,16122.0,19471.0,20273.0,20488.0,20256.0,20503.0,21593.0,21896.0,21982.0,22144.0,22010.0,21898.0,21432.0,21607.0,24103.0,25135.0,25414.0,25565.0,25104.0,24881.0,24153.0
4711325000,흥해읍,,34862.0,36350.0,36790.0,37449.0,36973.0,36877.0,37315.0,37138.0,36659.0,36594.0,36713.0,36930.0,36880.0,36260.0,35590.0,34974.0,34301.0,34133.0,34505.0,33845.0,34351.0,40222.0,40604.0,40958.0,40382.0,40732.0,53661.0
4711331000,신광면,,4592.0,4399.0,4224.0,4084.0,3961.0,3775.0,3709.0,3658.0,3532.0,3479.0,3410.0,3350.0,3277.0,3206.0,3075.0,3070.0,3025.0,3026.0,2974.0,2978.0,2925.0,2884.0,2873.0,2928.0,2882.0,2836.0,2746.0
4711332000,청하면,,8396.0,8073.0,7766.0,7506.0,7226.0,7026.0,6776.0,6516.0,6364.0,6234.0,6089.0,5904.0,5882.0,5737.0,5540.0,5408.0,5313.0,5314.0,5275.0,5190.0,5021.0,4909.0,4827.0,4760.0,4665.0,4570.0,4440.0
4711333000,송라면,,4213.0,4040.0,3944.0,3880.0,3762.0,3706.0,3576.0,3527.0,3479.0,3352.0,3250.0,3150.0,3076.0,3009.0,2949.0,2907.0,2846.0,2815.0,2771.0,2717.0,2682.0,2625.0,2490.0,2499.0,2461.0,2415.0,2324.0
4711334000,기계면,,7758.0,7520.0,7263.0,6964.0,6751.0,6578.0,6371.0,6206.0,6089.0,5969.0,5894.0,5727.0,5680.0,5570.0,5518.0,5516.0,5446.0,5368.0,5298.0,5243.0,5207.0,5113.0,4920.0,4968.0,4981.0,4894.0,4767.0
4711335000,죽장면,,4011.0,3925.0,3747.0,3600.0,3479.0,3345.0,3257.0,3229.0,3195.0,3066.0,2974.0,2341.0,2320.0,2874.0,2219.0,2227.0,2232.0,2215.0,2229.0,2227.0,2233.0,2173.0,2126.0,2140.0,2126.0,2067.0,2038.0
4711335100,죽장면상옥출장소,,,,,,,,,,,,,645.0,628.0,,,,,,,,,,,,,,
4711335500,죽장면상옥출장소,,,,,,,,,,,,,,,,640.0,647.0,666.0,697.0,666.0,663.0,630.0,601.0,593.0,609.0,626.0,617.0,605.0
4711336000,기북면,,1963.0,1900.0,1831.0,1748.0,1679.0,1629.0,1561.0,1523.0,1490.0,1436.0,1417.0,1405.0,1384.0,1347.0,1296.0,1288.0,1322.0,1314.0,1332.0,1336.0,1328.0,1305.0,1290.0,1310.0,1309.0,1299.0,1292.0
4711352000,중앙동,,10242.0,9654.0,9080.0,8484.0,8001.0,7712.0,7485.0,7425.0,7221.0,6980.0,6730.0,20350.0,19901.0,19155.0,18796.0,18264.0,17728.0,17323.0,17071.0,16611.0,16846.0,16415.0,15743.0,15484.0,14924.0,14603.0,13874.0
4711356000,학산동,,16760.0,16194.0,17954.0,17652.0,16993.0,16783.0,16158.0,15807.0,15311.0,15071.0,14402.0,,,,,,,,,,,,,,,,
4711363000,양학동,,15410.0,17330.0,21128.0,22240.0,22971.0,23613.0,23363.0,23450.0,23011.0,22480.0,21770.0,21322.0,20935.0,20422.0,20021.0,19629.0,20017.0,19625.0,19443.0,19220.0,18328.0,17776.0,17199.0,16808.0,16342.0,16953.0,16547.0
4711364000,죽도1동,,6365.0,5959.0,5601.0,5233.0,5275.0,4978.0,4714.0,4637.0,4466.0,4311.0,4144.0,,,,,,,,,,,,,,,,
4711365000,죽도2동,,24848.0,23854.0,22859.0,22306.0,21891.0,21658.0,21285.0,21060.0,20586.0,20174.0,19695.0,,,,,,,,,,,,,,,,
4711365500,죽도동,,,,,,,,,,,,,23159.0,23100.0,22663.0,22445.0,21963.0,21737.0,21726.0,21478.0,21532.0,20716.0,20160.0,19707.0,19951.0,19785.0,19472.0,18760.0
4711366500,용흥동,,33629.0,33151.0,32903.0,32584.0,31931.0,31500.0,30765.0,30476.0,29659.0,29114.0,28192.0,27741.0,27110.0,26300.0,25932.0,25332.0,24708.0,25268.0,25239.0,24766.0,23980.0,23117.0,22295.0,21936.0,21651.0,21088.0,19981.0
4711368000,우창동,,27554.0,26999.0,26699.0,27653.0,26884.0,26701.0,27793.0,27673.0,27154.0,26829.0,26863.0,28020.0,27682.0,28605.0,28344.0,29172.0,28987.0,28175.0,27916.0,27423.0,31809.0,32337.0,32339.0,33437.0,33084.0,32867.0,31644.0
4711369000,두호동,,20877.0,21751.0,21450.0,21302.0,24718.0,24860.0,26191.0,28443.0,28925.0,29006.0,27919.0,27573.0,27155.0,26527.0,26164.0,25689.0,25253.0,24757.0,23401.0,22659.0,21797.0,21122.0,23189.0,23048.0,22551.0,22152.0,21360.0
4711370000,장량동,,19539.0,22515.0,22769.0,22866.0,23124.0,23623.0,26160.0,25136.0,24969.0,25432.0,32537.0,36911.0,43315.0,51015.0,57223.0,62031.0,66591.0,70123.0,71350.0,74226.0,72526.0,70741.0,72758.0,72666.0,72065.0,71053.0,68177.0
4711371000,환여동,,6571.0,6054.0,5957.0,5811.0,5455.0,5249.0,5042.0,5282.0,10679.0,12577.0,12349.0,12363.0,12142.0,11842.0,11727.0,11641.0,11547.0,11260.0,11079.0,10727.0,10234.0,9892.0,9541.0,9549.0,9330.0,9137.0,8752.0
4713025000,감포읍,9190.0,8949.0,8678.0,8397.0,8099.0,7795.0,7517.0,7399.0,7309.0,7200.0,7029.0,6883.0,6872.0,6808.0,6619.0,6438.0,6306.0,6174.0,6013.0,5922.0,5828.0,5722.0,5624.0,5501.0,5391.0,5347.0,5253.0,5163.0
4713025300,안강읍,38104.0,38425.0,38504.0,38403.0,38066.0,37020.0,36135.0,35114.0,34611.0,33950.0,33531.0,33080.0,32356.0,31655.0,30949.0,30478.0,30132.0,29756.0,28866.0,28355.0,27672.0,26696.0,25878.0,25017.0,24083.0,23568.0,23199.0,22506.0
4713025600,건천읍,13235.0,12985.0,12688.0,12705.0,12451.0,12057.0,11611.0,11255.0,11157.0,11004.0,10895.0,10662.0,10650.0,11341.0,11300.0,11162.0,11022.0,10863.0,10663.0,10529.0,10485.0,10035.0,9688.0,9502.0,9233.0,9133.0,9001.0,10138.0
4713025900,외동읍,20769.0,20441.0,20048.0,19823.0,19342.0,18838.0,18459.0,18112.0,17659.0,17472.0,17322.0,17059.0,16865.0,16671.0,16398.0,16342.0,16707.0,16782.0,16647.0,16688.0,16541.0,17899.0,18649.0,20431.0,22159.0,22179.0,21850.0,21567.0
4713031500,문무대왕면,5942.0,5620.0,5421.0,5202.0,4982.0,4757.0,4524.0,4456.0,4521.0,4526.0,4489.0,4482.0,4500.0,4420.0,4287.0,4213.0,4119.0,3979.0,4472.0,4785.0,4423.0,4535.0,4446.0,4327.0,4214.0,4097.0,4157.0,4066.0
4713032000,양남면,8178.0,7656.0,7345.0,7047.0,6911.0,6888.0,6710.0,6860.0,7028.0,7071.0,7070.0,6887.0,7067.0,7101.0,6942.0,6760.0,6883.0,6883.0,6582.0,6596.0,6580.0,6567.0,6383.0,6322.0,6277.0,6324.0,6381.0,6369.0
4713033000,내남면,7045.0,6973.0,6827.0,6663.0,6538.0,6343.0,6088.0,6037.0,6112.0,5919.0,5855.0,5810.0,5665.0,5645.0,5554.0,5403.0,5286.0,5193.0,5136.0,5195.0,5106.0,4996.0,4877.0,4712.0,4684.0,4577.0,4534.0,4434.0
4713034000,산내면,4472.0,4356.0,4271.0,4182.0,4027.0,3906.0,3760.0,3678.0,3662.0,3586.0,3517.0,3461.0,3392.0,3401.0,3346.0,3353.0,3360.0,3306.0,3323.0,3372.0,3330.0,3314.0,3272.0,3268.0,3230.0,3225.0,3218.0,3173.0
4713035000,서면,5339.0,5255.0,5082.0,4861.0,4688.0,4552.0,4376.0,4239.0,4141.0,4090.0,3977.0,3931.0,3952.0,3883.0,3805.0,3741.0,3698.0,3656.0,3661.0,3629.0,3559.0,3438.0,3329.0,3219.0,3116.0,3084.0,3031.0,2978.0
4713036000,현곡면,7991.0,8904.0,10080.0,10858.0,10976.0,11139.0,11167.0,11532.0,11721.0,13565.0,16733.0,16881.0,16790.0,16639.0,16547.0,16539.0,16418.0,16196.0,16196.0,16018.0,15813.0,17930.0,21527.0,21947.0,21699.0,21588.0,21282.0,21874.0
4713037000,강동면,8306.0,8169.0,9232.0,9319.0,9189.0,9184.0,8971.0,8961.0,8623.0,8461.0,8359.0,8282.0,7917.0,7745.0,7648.0,7526.0,7424.0,7225.0,7173.0,7032.0,6951.0,6777.0,6535.0,6323.0,6078.0,6012.0,6056.0,5925.0
4713038000,천북면,7084.0,6969.0,6800.0,6665.0,6565.0,6311.0,6167.0,6063.0,6005.0,5959.0,6002.0,5927.0,5788.0,5799.0,5692.0,5539.0,5409.0,5447.0,5248.0,5110.0,4968.0,5336.0,5485.0,5730.0,5677.0,5747.0,5707.0,5532.0
4713051500,중부동,,8491.0,8661.0,8728.0,8506.0,8164.0,7868.0,7510.0,7370.0,7186.0,6952.0,6894.0,6838.0,6801.0,6587.0,6399.0,6214.0,6254.0,6314.0,6309.0,6156.0,5843.0,5548.0,5308.0,5096.0,4905.0,4712.0,4585.0
4713051501,성내동,4265.0,,,,,,,,,,,,,,,,,,,,,,,,,,,
4713052000,성동동,6743.0,6445.0,6333.0,6128.0,5820.0,5678.0,5361.0,5182.0,5025.0,4989.0,4730.0,4672.0,,,,,,,,,,,,,,,,
4713053000,황오동,8051.0,7695.0,7336.0,7114.0,6766.0,6740.0,6597.0,6240.0,5897.0,5689.0,5454.0,5246.0,9553.0,9237.0,8945.0,8646.0,8354.0,8228.0,8045.0,7796.0,7489.0,7204.0,6863.0,6567.0,6307.0,6039.0,5866.0,5666.0
4713053001,중앙동,4740.0,,,,,,,,,,,,,,,,,,,,,,,,,,,
4713055000,성건동,22135.0,21844.0,21317.0,20805.0,20445.0,19794.0,19488.0,19049.0,18759.0,18524.0,18253.0,18219.0,18158.0,17960.0,17648.0,17536.0,17526.0,17519.0,17320.0,17017.0,16372.0,15442.0,14525.0,14047.0,13647.0,13729.0,13481.0,12947.0
4713056000,탑정동,7567.0,7275.0,7052.0,6852.0,6530.0,6289.0,6194.0,5924.0,5832.0,5792.0,5555.0,5630.0,,,,,,,,,,,,,,,,
4713057000,황남동,5711.0,5577.0,5283.0,5171.0,5025.0,4736.0,4386.0,4095.0,3897.0,3553.0,3267.0,3061.0,8315.0,7948.0,7672.0,7322.0,7056.0,6730.0,6561.0,6288.0,5995.0,5469.0,5183.0,4779.0,4485.0,4258.0,4034.0,3815.0
4713057001,인교동,2986.0,,,,,,,,,,,,,,,,,,,,,,,,,,,
4713059000,선도동,10894.0,11340.0,11443.0,11471.0,12108.0,12417.0,12725.0,13083.0,13591.0,13669.0,13515.0,13587.0,13586.0,13936.0,14549.0,15010.0,15104.0,15195.0,15890.0,16064.0,15728.0,15406.0,15102.0,14914.0,14685.0,14648.0,14444.0,14145.0
4713059001,도동동,3040.0,,,,,,,,,,,,,,,,,,,,,,,,,,,
4713059002,보황동,3145.0,,,,,,,,,,,,,,,,,,,,,,,,,,,
4713060500,월성동,,8166.0,7977.0,7742.0,7507.0,7149.0,6957.0,6913.0,6736.0,6604.0,6484.0,6269.0,6089.0,6242.0,7130.0,7179.0,6805.0,6780.0,6753.0,6571.0,6475.0,6249.0,6092.0,5925.0,5836.0,5713.0,5610.0,5445.0
4713061500,용강동,14685.0,14624.0,14724.0,14762.0,15121.0,15808.0,16166.0,16586.0,16629.0,16349.0,15886.0,15686.0,16004.0,16212.0,16411.0,17337.0,18544.0,18678.0,18625.0,18401.0,21619.0,21900.0,21632.0,22521.0,24072.0,23988.0,25457.0,25228.0
4713062100,황성동,27764.0,29164.0,30326.0,30641.0,30859.0,31283.0,31419.0,31124.0,30693.0,30217.0,29523.0,29140.0,29791.0,29650.0,29426.0,29253.0,28994.0,28989.0,28847.0,30557.0,29454.0,29816.0,29665.0,28837.0,28310.0,27940.0,27456.0,27197.0
4713063000,동천동,22128.0,24042.0,24308.0,24889.0,25674.0,26349.0,27010.0,27126.0,27019.0,26876.0,26636.0,26507.0,26122.0,26737.0,26909.0,26749.0,26720.0,26590.0,26302.0,26053.0,25258.0,24279.0,23397.0,22753.0,22161.0,21904.0,21346.0,20630.0
4713063001,정래동,5238.0,,,,,,,,,,,,,,,,,,,,,,,,,,,
4713065000,불국동,3513.0,9290.0,9219.0,9167.0,8871.0,9006.0,9212.0,9066.0,8862.0,8934.0,8930.0,8893.0,9002.0,9092.0,8998.0,9042.0,9052.0,9001.0,9055.0,9143.0,10162.0,10129.0,9860.0,9771.0,9725.0,9919.0,9732.0,9744.0
4713066000,보덕동,2886.0,2759.0,2659.0,2554.0,2440.0,2386.0,2309.0,2266.0,2228.0,2234.0,2242.0,2194.0,2194.0,2175.0,2126.0,2124.0,2150.0,2111.0,2081.0,2022.0,1939.0,1882.0,1842.0,1781.0,1724.0,1683.0,1682.0,1642.0
4715025000,아포읍,8574.0,8468.0,8196.0,7972.0,7989.0,7579.0,7615.0,7836.0,8895.0,8921.0,9015.0,9023.0,8736.0,8612.0,8617.0,8573.0,8563.0,8489.0,8441.0,8017.0,7826.0,7535.0,7309.0,7131.0,7800.0,7919.0,7711.0,7563.0
4715031000,농소면,4257.0,4263.0,4147.0,4043.0,4022.0,3789.0,3932.0,3691.0,3538.0,3495.0,3389.0,3314.0,3241.0,3310.0,3347.0,3345.0,3358.0,3283.0,3315.0,3299.0,3249.0,3102.0,3037.0,3043.0,3076.0,3148.0,3111.0,3105.0
4715032000,남면,4701.0,4652.0,4581.0,4420.0,4419.0,4205.0,4255.0,4117.0,4080.0,4057.0,4070.0,4005.0,3639.0,3694.0,3691.0,3600.0,4069.0,3550.0,3595.0,3499.0,3441.0,3370.0,3249.0,3128.0,3078.0,3050.0,2977.0,2916.0
4715034000,개령면,3820.0,3736.0,3697.0,3612.0,3608.0,3394.0,3454.0,3237.0,3149.0,3075.0,3011.0,3002.0,2951.0,2971.0,2995.0,2991.0,2969.0,2884.0,2838.0,2747.0,2732.0,2628.0,2609.0,2478.0,2407.0,2383.0,2297.0,2218.0
4715035000,감문면,5555.0,5519.0,5332.0,5119.0,5115.0,4791.0,4798.0,4434.0,4321.0,4217.0,4146.0,4093.0,3980.0,3899.0,3917.0,3908.0,3875.0,3781.0,3791.0,3688.0,3644.0,3496.0,3435.0,3305.0,3258.0,3239.0,3176.0,3099.0
4715036000,어모면,6081.0,6027.0,5910.0,5884.0,6067.0,5862.0,6025.0,5696.0,5582.0,5383.0,5369.0,5354.0,5180.0,5063.0,5106.0,5073.0,4984.0,4892.0,4860.0,4642.0,4497.0,4344.0,4219.0,4062.0,4013.0,4062.0,4028.0,3997.0
4715037000,봉산면,4650.0,4553.0,4543.0,4376.0,4582.0,4215.0,4207.0,3914.0,3827.0,3743.0,3658.0,3692.0,3630.0,3689.0,3699.0,3678.0,3615.0,3637.0,3670.0,3527.0,3467.0,3372.0,3306.0,3196.0,3065.0,2975.0,2918.0,2851.0
4715038000,대항면,5165.0,5091.0,5078.0,4980.0,5035.0,4728.0,4761.0,4527.0,4479.0,4390.0,4386.0,4328.0,4292.0,4247.0,4252.0,4242.0,4223.0,4157.0,4042.0,3917.0,3836.0,3714.0,3600.0,3469.0,3407.0,3374.0,3302.0,3177.0
4715039000,감천면,2968.0,2923.0,2886.0,2823.0,2832.0,2658.0,2662.0,2488.0,2418.0,2365.0,2342.0,2370.0,2309.0,2325.0,2327.0,2280.0,2287.0,2252.0,2230.0,2164.0,2119.0,2035.0,2017.0,1942.0,1936.0,1892.0,1815.0,1784.0
4715040000,조마면,3595.0,3535.0,3397.0,3282.0,3239.0,3058.0,3087.0,2898.0,2808.0,2756.0,2753.0,2755.0,2724.0,2670.0,2680.0,2620.0,2623.0,2597.0,2562.0,2433.0,2423.0,2325.0,2296.0,2237.0,2178.0,2189.0,2145.0,2074.0
4715041000,구성면,4855.0,4722.0,4593.0,4468.0,4438.0,4117.0,4152.0,3779.0,3666.0,3557.0,3456.0,3453.0,3361.0,3407.0,3398.0,3287.0,3286.0,3244.0,3211.0,3106.0,3033.0,2956.0,2913.0,2835.0,2755.0,2712.0,2684.0,2613.0
4715042000,지례면,2925.0,2783.0,2685.0,2597.0,2553.0,2392.0,2398.0,2190.0,2042.0,2002.0,2005.0,1941.0,1920.0,1944.0,1961.0,1940.0,1872.0,1835.0,1851.0,1790.0,1736.0,1679.0,1626.0,1576.0,1531.0,1492.0,1443.0,1379.0
4715043000,부항면,2434.0,2341.0,2217.0,2121.0,2163.0,2159.0,2282.0,2314.0,2270.0,2153.0,1658.0,1437.0,1402.0,1391.0,1411.0,1373.0,1419.0,1344.0,1354.0,1358.0,1368.0,1324.0,1317.0,1260.0,1236.0,1230.0,1227.0,1212.0
4715044000,대덕면,3456.0,3371.0,3271.0,3193.0,3235.0,3023.0,3318.0,2987.0,2903.0,2753.0,2684.0,2592.0,2526.0,2482.0,2495.0,2460.0,2449.0,2413.0,2420.0,2381.0,2268.0,2162.0,2198.0,2294.0,2263.0,2250.0,2203.0,2144.0
4715045000,증산면,1706.0,1683.0,1629.0,1570.0,1587.0,1514.0,1515.0,1433.0,1381.0,1331.0,1287.0,1289.0,1273.0,1242.0,1249.0,1249.0,1269.0,1256.0,1260.0,1189.0,1141.0,1103.0,1084.0,1036.0,1033.0,1005.0,972.0,955.0
4715045001,용호동,2684.0,,,,,,,,,,,,,,,,,,,,,,,,,,,
4715045002,모암동,6322.0,,,,,,,,,,,,,,,,,,,,,,,,,,,
4715051500,용암동,,8804.0,8358.0,8109.0,8063.0,7525.0,7504.0,7048.0,6820.0,6491.0,6221.0,,,,,,,,,,,,,,,,,
4715051600,자산동,,,,,,,,,,,,9913.0,9640.0,9478.0,9437.0,9295.0,8990.0,8793.0,8488.0,8072.0,7737.0,7390.0,6990.0,6748.0,6551.0,6349.0,6181.0,5922.0
4715053000,성내동,5509.0,5319.0,5122.0,,,,,,,,,,,,,,,,,,,,,,,,,
4715053500,성남동,,,,9453.0,9388.0,8724.0,8692.0,8085.0,7809.0,7524.0,7217.0,,,,,,,,,,,,,,,,,
4715053600,평화남산동,,,,,,,,,,,,11260.0,10988.0,10913.0,10876.0,10580.0,10377.0,10403.0,9873.0,9299.0,8878.0,8558.0,7985.0,7641.0,7466.0,7329.0,7131.0,6939.0
4715054000,평화동,11353.0,11092.0,10345.0,10205.0,10173.0,9580.0,9484.0,8853.0,8485.0,8140.0,7887.0,,,,,,,,,,,,,,,,,
4715055000,남산동,5001.0,4903.0,4630.0,,,,,,,,,,,,,,,,,,,,,,,,,
4715055002,신음동,12167.0,,,,,,,,,,,,,,,,,,,,,,,,,,,
4715055003,금산동,4152.0,,,,,,,,,,,,,,,,,,,,,,,,,,,
4715055004,미곡동,3458.0,,,,,,,,,,,,,,,,,,,,,,,,,,,
4715055005,부곡동,15545.0,,,,,,,,,,,,,,,,,,,,,,,,,,,
4715056500,양금동,7062.0,8458.0,7969.0,7787.0,7739.0,7232.0,7188.0,6710.0,6552.0,6315.0,6153.0,5955.0,5774.0,5668.0,5647.0,5501.0,5229.0,5004.0,4960.0,4677.0,4510.0,4305.0,4116.0,3961.0,3816.0,3712.0,3650.0,3460.0
4715057500,대신동,,19047.0,19782.0,19739.0,19986.0,21219.0,23186.0,22794.0,22535.0,23660.0,24430.0,24551.0,25110.0,25750.0,25711.0,25685.0,25847.0,25996.0,25873.0,24959.0,24816.0,24186.0,24688.0,25224.0,25354.0,24895.0,24456.0,23672.0
4715059500,대곡동,,20509.0,23762.0,24591.0,24933.0,25636.0,26254.0,25380.0,24802.0,24221.0,23690.0,23406.0,22949.0,23028.0,23021.0,22990.0,22919.0,22609.0,21583.0,20798.0,20317.0,19598.0,20528.0,20434.0,20150.0,19987.0,19631.0,20356.0
4715061000,지좌동,8425.0,8345.0,9329.0,9520.0,9692.0,9266.0,9537.0,9116.0,9270.0,9133.0,10257.0,10323.0,10293.0,10353.0,10348.0,10834.0,11036.0,11036.0,10681.0,10362.0,10307.0,10719.0,10896.0,11061.0,10972.0,10861.0,10830.0,10568.0
4715061001,대응동,2370.0,,,,,,,,,,,,,,,,,,,,,,,,,,,
4715061002,양천동,1576.0,,,,,,,,,,,,,,,,,,,,,,,,,,,
4715064000,율곡동,,,,,,,,,,,,,,,,,,2001.0,9234.0,16332.0,19563.0,21203.0,21811.0,22487.0,22894.0,23271.0,23627.0,23442.0
4717025000,풍산읍,10692.0,10444.0,10041.0,9630.0,9163.0,8860.0,8501.0,8322.0,8130.0,7860.0,7736.0,7587.0,7497.0,7441.0,7339.0,7357.0,7374.0,7380.0,7166.0,7116.0,6980.0,6739.0,6588.0,6390.0,6378.0,6285.0,6077.0,7647.0
4717031000,와룡면,5983.0,5812.0,5700.0,5563.0,5395.0,5145.0,4931.0,4886.0,4804.0,4731.0,4681.0,4586.0,4539.0,4554.0,4561.0,4585.0,4572.0,4581.0,4543.0,4513.0,4464.0,4286.0,4219.0,4114.0,3981.0,3907.0,3882.0,3737.0
4717032000,북후면,5126.0,5000.0,4835.0,4624.0,4483.0,4338.0,4223.0,4114.0,4029.0,3974.0,3925.0,3784.0,3706.0,3730.0,3683.0,3636.0,3610.0,3586.0,3484.0,3415.0,3318.0,3171.0,3118.0,3022.0,2936.0,2859.0,2790.0,2760.0
4717033000,서후면,4649.0,4626.0,4549.0,4422.0,4287.0,4302.0,4441.0,4201.0,4127.0,4160.0,4248.0,4074.0,4028.0,3978.0,3971.0,4013.0,4070.0,4025.0,3928.0,3914.0,3873.0,3820.0,3723.0,3555.0,3473.0,3490.0,3464.0,3658.0
4717034000,풍천면,6708.0,6539.0,6305.0,6015.0,5865.0,5628.0,5423.0,5267.0,5103.0,4978.0,4805.0,4916.0,4970.0,4914.0,4760.0,4576.0,4258.0,4206.0,4103.0,4657.0,4825.0,5068.0,5193.0,6702.0,7012.0,7097.0,7174.0,7244.0
4717035000,일직면,4929.0,4890.0,4746.0,4591.0,4395.0,4255.0,4091.0,3999.0,3856.0,3781.0,3693.0,3579.0,3509.0,3445.0,3422.0,3338.0,3315.0,3261.0,3172.0,3125.0,3062.0,2978.0,2925.0,2777.0,2672.0,2616.0,2478.0,2415.0
4717036000,남후면,3079.0,3010.0,2859.0,2803.0,2708.0,2614.0,2501.0,2403.0,2322.0,2316.0,2307.0,2271.0,2198.0,2170.0,2184.0,2119.0,2137.0,2046.0,2031.0,2019.0,2003.0,1929.0,1864.0,1786.0,1717.0,1657.0,1627.0,1608.0
4717037000,남선면,3480.0,3447.0,3306.0,3203.0,3134.0,3031.0,2917.0,2789.0,2779.0,2697.0,2652.0,2614.0,2615.0,2562.0,2573.0,2527.0,2508.0,2459.0,2350.0,2353.0,2320.0,2244.0,2160.0,2122.0,2080.0,2038.0,1996.0,1967.0
4717038000,임하면,4586.0,4487.0,4396.0,4261.0,4106.0,3940.0,3863.0,3838.0,3773.0,3713.0,3765.0,3599.0,3522.0,3418.0,3426.0,3430.0,3388.0,3376.0,3314.0,3293.0,3211.0,3125.0,3007.0,2884.0,2797.0,2724.0,2645.0,2566.0
4717039000,길안면,4935.0,4783.0,4609.0,4451.0,4274.0,4110.0,3951.0,3804.0,3693.0,3570.0,3489.0,3432.0,3406.0,3335.0,3291.0,3236.0,3197.0,3138.0,3092.0,3029.0,3004.0,2928.0,2798.0,2721.0,2691.0,2633.0,2578.0,2559.0
4717040000,임동면,3208.0,3145.0,3109.0,2924.0,2800.0,2659.0,2601.0,2549.0,2526.0,2443.0,2389.0,2285.0,2214.0,2225.0,2147.0,2099.0,2113.0,2136.0,2035.0,2016.0,1951.0,1870.0,1818.0,1773.0,1710.0,1673.0,1655.0,1609.0
4717041000,예안면,3215.0,3102.0,2956.0,2813.0,2728.0,2632.0,2511.0,2475.0,2410.0,2305.0,2244.0,2163.0,2132.0,2104.0,2104.0,2096.0,2104.0,2104.0,2099.0,2071.0,2016.0,1963.0,1925.0,1875.0,1823.0,1751.0,1712.0,1652.0
4717042000,도산면,3174.0,3023.0,2937.0,2802.0,2692.0,2556.0,2440.0,2362.0,2269.0,2210.0,2197.0,2094.0,2057.0,2036.0,2013.0,1975.0,1957.0,1909.0,1885.0,1894.0,1824.0,1743.0,1694.0,1635.0,1580.0,1515.0,1446.0,1405.0
4717043000,녹전면,3179.0,2995.0,2892.0,2748.0,2629.0,2512.0,2397.0,2333.0,2262.0,2195.0,2120.0,2055.0,2077.0,2084.0,2030.0,2035.0,2021.0,2054.0,2024.0,1930.0,1894.0,1884.0,1805.0,1771.0,1724.0,1681.0,1633.0,1601.0
4717051000,중구동,5500.0,9582.0,9164.0,8630.0,8075.0,7608.0,7350.0,7006.0,6674.0,6472.0,6441.0,6196.0,6155.0,5870.0,5753.0,5622.0,5560.0,5408.0,5188.0,4976.0,5372.0,5284.0,5207.0,5068.0,5085.0,4973.0,4826.0,4768.0
4717052000,명륜동,8667.0,8333.0,8083.0,7773.0,7494.0,7711.0,7580.0,7340.0,7129.0,7042.0,6931.0,6720.0,6590.0,6483.0,6326.0,6191.0,6161.0,6000.0,5792.0,5779.0,5598.0,5290.0,5207.0,5056.0,4917.0,4880.0,4674.0,4575.0
4717052003,동구동,4406.0,,,,,,,,,,,,,,,,,,,,,,,,,,,
4717052004,용성동,22985.0,,,,,,,,,,,,,,,,,,,,,,,,,,,
4717055500,용상동,,26368.0,27556.0,27498.0,26791.0,26035.0,25347.0,24630.0,24046.0,23572.0,23448.0,22776.0,22413.0,22095.0,22902.0,23600.0,23667.0,23785.0,23453.0,23376.0,22596.0,22290.0,22301.0,22309.0,22003.0,21883.0,22944.0,24163.0
4717058500,서구동,7968.0,10213.0,9830.0,9424.0,10972.0,11440.0,11480.0,14532.0,10309.0,10036.0,9653.0,9168.0,9047.0,8827.0,8593.0,8388.0,8288.0,7998.0,10438.0,10391.0,10127.0,9741.0,9457.0,9169.0,8956.0,8647.0,8393.0,8282.0
4717060000,태화동,20250.0,19595.0,19388.0,18735.0,18044.0,17283.0,16921.0,16167.0,15828.0,15549.0,15298.0,14733.0,15099.0,14647.0,14358.0,14137.0,14129.0,14546.0,14134.0,13999.0,14603.0,13952.0,13707.0,13368.0,13026.0,12653.0,12359.0,11964.0
4717061000,법상동,6099.0,5895.0,5730.0,5459.0,5290.0,5093.0,4956.0,4761.0,,,,,,,,,,,,,,,,,,,,
4717062000,평화동,10426.0,10171.0,9913.0,9611.0,10003.0,9925.0,9814.0,9339.0,9210.0,9045.0,8911.0,8572.0,8424.0,8219.0,8056.0,8079.0,8019.0,7625.0,7353.0,7225.0,6965.0,6659.0,6613.0,6322.0,6280.0,6125.0,5963.0,5752.0
4717063000,안기동,10426.0,10470.0,10433.0,10473.0,10151.0,9743.0,9435.0,9179.0,9053.0,8942.0,8852.0,8575.0,8389.0,8121.0,8021.0,7901.0,7962.0,7517.0,7227.0,7171.0,7028.0,6584.0,6474.0,6271.0,6168.0,6103.0,5969.0,5792.0
4717065000,옥동,9495.0,11051.0,12524.0,13343.0,13768.0,15444.0,15647.0,15466.0,15433.0,15344.0,16140.0,20024.0,20110.0,21212.0,22011.0,22337.0,22602.0,23637.0,24730.0,24620.0,23867.0,22888.0,22535.0,21809.0,21296.0,21022.0,20587.0,19911.0
4717066000,송하동,10901.0,10534.0,10327.0,12107.0,12591.0,12462.0,12356.0,12275.0,11838.0,11835.0,11741.0,11326.0,12530.0,14157.0,14370.0,14569.0,14865.0,15441.0,15268.0,15411.0,15062.0,15823.0,15795.0,16018.0,16142.0,15798.0,15614.0,15181.0
4717066001,송천동,1660.0,,,,,,,,,,,,,,,,,,,,,,,,,,,
4717069000,강남동,2750.0,,,,,,,,9784.0,9963.0,10250.0,10171.0,10205.0,10259.0,10263.0,10456.0,10584.0,10479.0,10412.0,10505.0,10309.0,9921.0,9919.0,10390.0,10525.0,10600.0,10449.0,10343.0
4719025000,선산읍,20799.0,20522.0,19966.0,20211.0,20021.0,19443.0,19107.0,18684.0,17966.0,17769.0,17387.0,16898.0,16382.0,16132.0,15652.0,15362.0,15118.0,14884.0,14751.0,15546.0,15570.0,15252.0,15409.0,15001.0,14623.0,14319.0,13996.0,13557.0
4719025300,고아읍,32593.0,34292.0,34542.0,34661.0,34612.0,33977.0,33257.0,32991.0,32272.0,31852.0,31551.0,31031.0,31635.0,32608.0,33503.0,33538.0,33265.0,33294.0,33323.0,34120.0,36072.0,38389.0,37249.0,36487.0,38162.0,38419.0,37953.0,39055.0
4719025600,산동읍,,,,,,,,,,,,,,,,,,,,,,,,,26902.0,27106.0,26877.0,30662.0
4719031000,무을면,3265.0,3241.0,3174.0,3041.0,2879.0,2787.0,2713.0,2666.0,2585.0,2532.0,2447.0,2375.0,2361.0,2325.0,2231.0,2194.0,2186.0,2139.0,2096.0,2073.0,2036.0,1982.0,1915.0,1873.0,1829.0,1808.0,1796.0,1770.0
4719032000,옥성면,2802.0,2742.0,2692.0,2588.0,2493.0,2378.0,2316.0,2302.0,2255.0,2186.0,2140.0,2160.0,2119.0,2126.0,2037.0,2056.0,2023.0,1986.0,1954.0,1944.0,1918.0,1875.0,1774.0,1729.0,1687.0,1671.0,1651.0,1617.0
4719033000,도개면,3786.0,3757.0,3575.0,3460.0,3342.0,3223.0,3150.0,3099.0,3001.0,2958.0,2861.0,2820.0,2790.0,2690.0,2626.0,2574.0,2561.0,2491.0,2410.0,2427.0,2344.0,2292.0,2314.0,2225.0,2167.0,2130.0,2085.0,2032.0
4719034000,해평면,7348.0,7160.0,6894.0,6709.0,6428.0,6270.0,6156.0,6000.0,5890.0,5841.0,5750.0,6027.0,5989.0,5857.0,5680.0,5583.0,5426.0,5306.0,5128.0,4929.0,4703.0,4499.0,4293.0,4133.0,3997.0,3907.0,3758.0,3655.0
4719035000,산동면,4513.0,4508.0,4360.0,4206.0,4022.0,3880.0,3813.0,3834.0,3784.0,3870.0,4150.0,4329.0,4598.0,4350.0,3940.0,3792.0,3747.0,3733.0,3700.0,4438.0,14613.0,17756.0,25032.0,26619.0,,,,
4719036000,장천면,4551.0,4628.0,4516.0,4406.0,4203.0,4079.0,4110.0,4056.0,4041.0,4019.0,3956.0,3893.0,3860.0,3825.0,3768.0,3722.0,3724.0,3684.0,3592.0,3519.0,3446.0,3430.0,3280.0,3183.0,3037.0,2892.0,2840.0,2781.0
4719051000,송정동,23253.0,23813.0,23302.0,22893.0,22587.0,22447.0,22439.0,22537.0,22597.0,22329.0,21446.0,21229.0,20315.0,20281.0,19839.0,19742.0,19619.0,19509.0,18827.0,17935.0,17148.0,16909.0,16406.0,24429.0,24087.0,23502.0,23061.0,23372.0
4719052000,원평1동,6008.0,6080.0,5887.0,5947.0,5808.0,5893.0,5846.0,5793.0,5789.0,5678.0,5535.0,5335.0,5094.0,4956.0,4894.0,4809.0,4916.0,5002.0,5060.0,5036.0,4865.0,4354.0,3991.0,3778.0,,,,
4719053000,원평2동,4022.0,3804.0,7998.0,7641.0,7257.0,6957.0,6557.0,6316.0,6061.0,5825.0,5630.0,5366.0,5094.0,5020.0,4890.0,4725.0,4625.0,4505.0,4418.0,4227.0,3950.0,3673.0,3438.0,3216.0,,,,
4719053500,원평동,,,,,,,,,,,,,,,,,,,,,,,,,6276.0,5984.0,7521.0,9526.0
4719054000,원평3동,4610.0,4479.0,,,,,,,,,,,,,,,,,,,,,,,,,,
4719055100,도량동,32384.0,32630.0,31633.0,31485.0,31124.0,30926.0,30529.0,32886.0,32519.0,34353.0,35031.0,35255.0,34182.0,33818.0,33369.0,33209.0,33029.0,32526.0,31409.0,30378.0,29636.0,28742.0,30699.0,30006.0,29123.0,28366.0,27760.0,26938.0
4719055500,지산동,5578.0,5477.0,5255.0,5076.0,5021.0,4736.0,4649.0,4398.0,4219.0,4090.0,3925.0,3699.0,3461.0,3291.0,3169.0,3068.0,3032.0,2987.0,2910.0,2823.0,2684.0,2463.0,2326.0,2239.0,2151.0,2046.0,1934.0,1860.0
4719056000,선주동,2449.0,2787.0,,,,,,,,,,,,,,,,,,,,,,,,,,
4719056500,선주원남동,,,19692.0,19973.0,19927.0,19869.0,21028.0,21219.0,27523.0,29813.0,36319.0,38904.0,41089.0,43750.0,44323.0,45642.0,46615.0,47077.0,47930.0,50492.0,49583.0,48998.0,47886.0,39544.0,38893.0,38757.0,38023.0,36752.0
4719057000,원남동,13070.0,13854.0,,,,,,,,,,,,,,,,,,,,,,,,,,
4719058200,형곡1동,17281.0,17769.0,17386.0,17477.0,17521.0,17734.0,17971.0,18110.0,18244.0,18106.0,17656.0,17499.0,16962.0,16887.0,16647.0,16524.0,16340.0,15762.0,15372.0,14890.0,15598.0,15771.0,15385.0,14681.0,14174.0,13721.0,13195.0,12721.0
4719058300,형곡2동,22936.0,23441.0,23360.0,23455.0,24228.0,24717.0,24633.0,24734.0,24777.0,24728.0,23879.0,23768.0,23359.0,23159.0,22705.0,22527.0,22257.0,21988.0,21442.0,20683.0,19309.0,18625.0,17938.0,17039.0,16583.0,16388.0,15994.0,15266.0
4719059000,신평1동,8172.0,8136.0,7841.0,7539.0,7112.0,6362.0,5851.0,5633.0,5648.0,5680.0,5322.0,5014.0,5130.0,5398.0,4707.0,4839.0,4965.0,4849.0,4405.0,3859.0,3524.0,3507.0,3400.0,3307.0,3254.0,3623.0,4562.0,4606.0
4719060000,신평2동,4982.0,5017.0,4803.0,4546.0,4332.0,4214.0,4074.0,3891.0,3978.0,4016.0,3922.0,3793.0,3668.0,3628.0,3418.0,3374.0,3344.0,3208.0,2498.0,2422.0,3190.0,3500.0,3343.0,3262.0,3104.0,3037.0,2990.0,2946.0
4719061000,비산동,4712.0,5437.0,5589.0,5527.0,5495.0,5342.0,5075.0,5018.0,4940.0,4884.0,4798.0,4643.0,4636.0,4656.0,4703.0,4686.0,4797.0,4866.0,4814.0,4964.0,6424.0,6586.0,6356.0,6325.0,13141.0,12946.0,12874.0,12350.0
4719063000,광평동,5645.0,5647.0,5206.0,4912.0,4485.0,4133.0,4040.0,3695.0,3291.0,3204.0,3137.0,3016.0,3407.0,3660.0,4470.0,4695.0,4804.0,4973.0,5065.0,4991.0,4771.0,4664.0,4556.0,4386.0,4279.0,4266.0,4146.0,4071.0
4719064000,사곡동,5482.0,5413.0,,,,,,,,,,,,,,,,,,,,,,,,,,
4719064500,상모사곡동,,,12222.0,12252.0,14541.0,18504.0,20406.0,24239.0,26646.0,28318.0,29087.0,29762.0,29585.0,29911.0,29857.0,30100.0,30517.0,30989.0,31359.0,32168.0,31031.0,30378.0,29468.0,31015.0,30997.0,30441.0,30187.0,29348.0
4719065000,상모동,3310.0,3193.0,,,,,,,,,,,,,,,,,,,,,,,,,,
4719066000,임오동,11043.0,11492.0,11991.0,12524.0,13216.0,14355.0,15129.0,15467.0,15793.0,16122.0,16182.0,16112.0,17433.0,17625.0,18257.0,18244.0,18380.0,18747.0,21165.0,21153.0,20750.0,20476.0,19913.0,19003.0,18772.0,18466.0,18108.0,17368.0
4719067000,인동동,27159.0,27321.0,27796.0,28837.0,33654.0,37606.0,44419.0,49135.0,50676.0,52607.0,53143.0,53264.0,51817.0,54353.0,55118.0,55474.0,56268.0,57725.0,57617.0,56161.0,53402.0,51691.0,49615.0,48598.0,48057.0,47515.0,47051.0,46012.0
4719068000,진미동,6221.0,7857.0,9287.0,9268.0,9865.0,12299.0,12779.0,14308.0,15504.0,20093.0,22127.0,22170.0,21855.0,21814.0,21823.0,22271.0,22840.0,22688.0,21308.0,19342.0,18108.0,17487.0,16343.0,16329.0,16609.0,16857.0,16917.0,16352.0
4719069000,양포동,12437.0,13930.0,18868.0,22079.0,23520.0,23205.0,22963.0,23118.0,23795.0,25466.0,25484.0,27343.0,32589.0,36273.0,41156.0,42764.0,43914.0,44607.0,46465.0,49190.0,46368.0,47391.0,46178.0,46475.0,46262.0,45637.0,46000.0,46194.0
4719070000,공단동,21052.0,20232.0,17652.0,16201.0,16466.0,14675.0,12619.0,11552.0,10820.0,10126.0,9032.0,8254.0,7009.0,6527.0,10664.0,11435.0,11116.0,10795.0,10897.0,10181.0,10756.0,10804.0,11235.0,11446.0,4415.0,4306.0,4227.0,4009.0
4721025000,풍기읍,17376.0,17123.0,16728.0,16093.0,15603.0,14980.0,14307.0,13907.0,13523.0,13135.0,12865.0,12636.0,12543.0,12613.0,12444.0,12451.0,12529.0,12005.0,11851.0,11555.0,11211.0,10929.0,10767.0,10640.0,10485.0,10306.0,10515.0,10413.0
4721031000,이산면,3888.0,3752.0,3651.0,3552.0,3529.0,3429.0,3410.0,3357.0,3227.0,3193.0,3163.0,3150.0,3254.0,3271.0,3134.0,2986.0,2891.0,2822.0,2831.0,2711.0,2665.0,2554.0,2472.0,2370.0,2295.0,2216.0,2193.0,2183.0
4721032000,평은면,2914.0,2881.0,2818.0,2742.0,2711.0,2624.0,2609.0,2568.0,2494.0,2398.0,2327.0,2277.0,2574.0,2497.0,2178.0,1953.0,1747.0,1605.0,1561.0,1546.0,1525.0,1507.0,1453.0,1457.0,1422.0,1424.0,1405.0,1377.0
4721033000,문수면,2704.0,2658.0,2578.0,2426.0,2365.0,2251.0,2153.0,2080.0,2071.0,2007.0,2048.0,2063.0,2119.0,2113.0,2140.0,2144.0,2193.0,2154.0,2162.0,2116.0,2038.0,2035.0,2022.0,1969.0,1938.0,1930.0,1919.0,1875.0
4721034000,장수면,3381.0,3308.0,3225.0,3142.0,3008.0,2951.0,2807.0,2746.0,2695.0,2643.0,2590.0,2572.0,2526.0,2529.0,2518.0,2522.0,2508.0,2548.0,2499.0,2445.0,2396.0,2310.0,2271.0,2206.0,2143.0,2101.0,2078.0,2007.0
4721035000,안정면,4734.0,4597.0,4394.0,4236.0,4134.0,4009.0,3810.0,3705.0,3663.0,3652.0,3586.0,3556.0,3512.0,3526.0,3520.0,3493.0,3453.0,3374.0,3306.0,3263.0,3200.0,3181.0,3075.0,3051.0,2962.0,2874.0,2846.0,2784.0
4721036000,봉현면,4100.0,3977.0,3811.0,3744.0,3655.0,3556.0,3406.0,3294.0,3209.0,3166.0,3160.0,3113.0,3101.0,3210.0,3269.0,3230.0,3174.0,3164.0,3118.0,3027.0,2964.0,2962.0,2871.0,2739.0,2700.0,2624.0,2566.0,2527.0
4721037000,순흥면,3322.0,3287.0,3143.0,3047.0,2920.0,2762.0,2654.0,2587.0,2510.0,2477.0,2417.0,2395.0,2357.0,2428.0,2429.0,2434.0,2395.0,2368.0,2335.0,2284.0,2247.0,2165.0,2101.0,2021.0,1983.0,1953.0,1878.0,1869.0
4721038000,단산면,3197.0,3124.0,3019.0,2908.0,2807.0,2682.0,2522.0,2434.0,2392.0,2410.0,2344.0,2280.0,2248.0,2276.0,2262.0,2234.0,2207.0,2176.0,2168.0,2126.0,2071.0,2023.0,1977.0,1906.0,1831.0,1797.0,1762.0,1710.0
4721039000,부석면,5266.0,5119.0,4928.0,4782.0,4591.0,4305.0,4064.0,3880.0,3800.0,3689.0,3616.0,3565.0,3573.0,3603.0,3624.0,3564.0,3558.0,3462.0,3394.0,3337.0,3303.0,3248.0,3189.0,3116.0,2995.0,2926.0,2846.0,2817.0
4721051000,상망동,3169.0,8432.0,8292.0,8147.0,8845.0,9297.0,8930.0,8935.0,8746.0,8593.0,9180.0,9595.0,9747.0,9722.0,9686.0,9518.0,9357.0,9166.0,9017.0,8590.0,8481.0,8241.0,8154.0,7761.0,7430.0,7295.0,7201.0,7041.0
4721052500,하망동,,8322.0,8473.0,8225.0,7978.0,7709.0,8827.0,8796.0,8629.0,8439.0,8205.0,7981.0,8122.0,8090.0,8011.0,7877.0,7694.0,7412.0,7257.0,6810.0,6632.0,6451.0,6286.0,6329.0,6007.0,5820.0,5825.0,5791.0
4721052501,하망1동,5031.0,,,,,,,,,,,,,,,,,,,,,,,,,,,
4721052502,하망2동,4511.0,,,,,,,,,,,,,,,,,,,,,,,,,,,
4721052503,하망3동,3979.0,,,,,,,,,,,,,,,,,,,,,,,,,,,
4721055000,영주1동,2439.0,9134.0,8723.0,8485.0,8222.0,7683.0,7038.0,6769.0,6563.0,6354.0,5995.0,5770.0,5608.0,5773.0,5635.0,5497.0,5244.0,5071.0,4963.0,4633.0,4417.0,4262.0,4227.0,4081.0,3912.0,3770.0,3638.0,3526.0
4721056000,영주2동,3413.0,6880.0,6748.0,6632.0,6503.0,6283.0,5847.0,5640.0,5473.0,5337.0,5193.0,5065.0,5035.0,5098.0,5028.0,4927.0,4700.0,4453.0,4324.0,4030.0,3946.0,3830.0,3690.0,3569.0,4915.0,4744.0,4617.0,4549.0
4721056001,영주3동,3916.0,,,,,,,,,,,,,,,,,,,,,,,,,,,
4721056002,영주4동,7069.0,,,,,,,,,,,,,,,,,,,,,,,,,,,
4721059000,휴천1동,5547.0,6626.0,6705.0,6515.0,6381.0,6620.0,7184.0,7218.0,7485.0,7841.0,7902.0,7870.0,7727.0,7756.0,7706.0,7658.0,7637.0,7443.0,7328.0,6946.0,6812.0,6737.0,6730.0,6681.0,6511.0,6354.0,6283.0,6131.0
4721060000,휴천2동,14933.0,14425.0,14348.0,13947.0,13614.0,13082.0,12323.0,12103.0,11716.0,11362.0,11072.0,10923.0,10634.0,10771.0,10737.0,10678.0,10327.0,9854.0,9741.0,9164.0,8915.0,8579.0,8404.0,8250.0,9837.0,9552.0,9656.0,9628.0
4721061000,휴천3동,10672.0,11995.0,13113.0,13099.0,12718.0,12418.0,11778.0,11560.0,11406.0,11226.0,10773.0,10665.0,10466.0,10409.0,10226.0,10110.0,9796.0,9473.0,9279.0,8789.0,8555.0,8457.0,8283.0,8033.0,7599.0,7421.0,7283.0,7154.0
4721062000,가흥1동,13634.0,13161.0,12698.0,12360.0,12017.0,12368.0,11569.0,11405.0,11089.0,10850.0,10605.0,10471.0,10296.0,10384.0,11938.0,12648.0,13278.0,13615.0,13931.0,17739.0,18758.0,19120.0,19022.0,18953.0,15303.0,15456.0,15448.0,15311.0
4721063000,가흥2동,6035.0,5973.0,6139.0,7093.0,7106.0,7031.0,8568.0,8529.0,8407.0,8193.0,8042.0,7983.0,7867.0,7857.0,7663.0,7623.0,7937.0,8615.0,8670.0,8136.0,8235.0,8210.0,8073.0,7987.0,9674.0,10186.0,10240.0,10177.0
4723025000,금호읍,13015.0,15168.0,15530.0,15213.0,15437.0,14714.0,14635.0,13996.0,13475.0,13095.0,13004.0,12823.0,12533.0,12505.0,12528.0,12148.0,12013.0,11858.0,11770.0,11612.0,11291.0,11196.0,11172.0,11088.0,10664.0,10539.0,10449.0,10240.0
4723031000,청통면,6194.0,6097.0,5864.0,5679.0,5515.0,5409.0,5177.0,5085.0,4942.0,4835.0,4893.0,4792.0,4637.0,4700.0,4740.0,4622.0,4555.0,4433.0,4311.0,4269.0,4239.0,4226.0,4265.0,4161.0,4045.0,4037.0,3964.0,3915.0
4723032000,신녕면,6433.0,6317.0,6137.0,5919.0,5720.0,5477.0,5280.0,5110.0,5008.0,4919.0,4958.0,4775.0,4673.0,4642.0,4648.0,4485.0,4339.0,4255.0,4156.0,4076.0,3986.0,4047.0,3978.0,3919.0,3753.0,3683.0,3662.0,3581.0
4723033000,화산면,4821.0,4702.0,4559.0,4437.0,4282.0,4122.0,4050.0,3968.0,3863.0,3761.0,3780.0,3685.0,3664.0,3672.0,3755.0,3535.0,3443.0,3400.0,3295.0,3277.0,3243.0,3371.0,3308.0,3296.0,3209.0,3117.0,3058.0,2984.0
4723034000,화북면,3276.0,3166.0,3105.0,2997.0,2868.0,2750.0,2607.0,2524.0,2459.0,2489.0,2474.0,2451.0,2551.0,2550.0,2417.0,2273.0,2211.0,2162.0,2126.0,2151.0,2097.0,2243.0,2209.0,2213.0,2179.0,2164.0,2216.0,2192.0
4723035000,화남면,4227.0,4100.0,4057.0,3863.0,3696.0,3560.0,3442.0,3342.0,3297.0,3233.0,3261.0,3268.0,3325.0,3288.0,3298.0,3283.0,3285.0,3273.0,3251.0,3257.0,3195.0,3119.0,3127.0,3138.0,3239.0,3206.0,3182.0,3161.0
4723036000,자양면,1471.0,1448.0,1376.0,1329.0,1279.0,1253.0,1206.0,1173.0,1177.0,1145.0,1165.0,1170.0,1161.0,1188.0,1256.0,1229.0,1206.0,1236.0,1205.0,1178.0,1157.0,1190.0,1194.0,1230.0,1203.0,1242.0,1324.0,1308.0
4723037000,임고면,6030.0,5793.0,5595.0,5355.0,5177.0,4945.0,4773.0,4676.0,4569.0,4480.0,4520.0,4406.0,4394.0,4371.0,4394.0,4311.0,4299.0,4348.0,4300.0,4281.0,4258.0,4289.0,4312.0,4242.0,4190.0,4116.0,4133.0,4121.0
4723038000,고경면,8314.0,8318.0,8008.0,7709.0,7468.0,7100.0,6832.0,6539.0,6433.0,6212.0,6314.0,6194.0,6596.0,6621.0,6905.0,6388.0,6130.0,5971.0,5867.0,5750.0,5853.0,6010.0,6246.0,5874.0,5596.0,5629.0,5687.0,5658.0
4723039000,북안면,5946.0,6021.0,5828.0,5679.0,5576.0,5402.0,5250.0,5174.0,5025.0,4893.0,4997.0,4892.0,4793.0,4800.0,4919.0,4784.0,4758.0,4635.0,4595.0,4503.0,4487.0,4454.0,4460.0,4448.0,4419.0,4391.0,4398.0,4318.0
4723040000,대창면,4317.0,4252.0,4130.0,4059.0,3898.0,3748.0,3615.0,3460.0,3370.0,3309.0,3296.0,3210.0,3216.0,3252.0,3275.0,3211.0,3183.0,3181.0,3148.0,3102.0,3073.0,3032.0,3074.0,3096.0,3131.0,3056.0,3022.0,2982.0
4723051000,동부동,25254.0,26045.0,28007.0,28457.0,28524.0,29010.0,28216.0,28253.0,28243.0,27990.0,27601.0,27042.0,26532.0,26513.0,26927.0,27213.0,27161.0,28058.0,28605.0,29254.0,30779.0,30482.0,30051.0,29438.0,28259.0,27732.0,27252.0,26503.0
4723052000,중앙동,8478.0,10209.0,9764.0,9556.0,9242.0,9095.0,9081.0,8213.0,8063.0,7816.0,8883.0,9553.0,9878.0,10081.0,10113.0,9961.0,10103.0,9817.0,9685.0,9488.0,9004.0,8992.0,8869.0,9844.0,9688.0,9593.0,9401.0,9054.0
4723052001,교동,8255.0,,,,,,,,,,,,,,,,,,,,,,,,,,,
4723053500,서부동,,8777.0,8380.0,8152.0,7873.0,7637.0,7402.0,7387.0,7109.0,6909.0,6820.0,6373.0,6192.0,6067.0,6005.0,5751.0,5670.0,5503.0,5352.0,5232.0,5086.0,4967.0,4932.0,4831.0,4669.0,4606.0,4548.0,4432.0
4723054000,완산동,6426.0,6193.0,5874.0,5716.0,6041.0,5972.0,5846.0,5734.0,5568.0,5338.0,5319.0,5111.0,4942.0,4986.0,5015.0,4830.0,4686.0,4622.0,4504.0,4589.0,4529.0,5586.0,6957.0,6963.0,9530.0,9939.0,9975.0,9909.0
4723055500,남부동,,6003.0,5716.0,5519.0,5395.0,5207.0,5011.0,4886.0,4736.0,4605.0,4534.0,4277.0,4028.0,3954.0,3987.0,3774.0,3736.0,3937.0,4478.0,4502.0,4338.0,4391.0,4316.0,4234.0,4114.0,4038.0,3941.0,3785.0
4723055501,주남동,3456.0,,,,,,,,,,,,,,,,,,,,,,,,,,,
4723055502,봉작동,1663.0,,,,,,,,,,,,,,,,,,,,,,,,,,,
4723055503,영도동,1000.0,,,,,,,,,,,,,,,,,,,,,,,,,,,
4723055504,대전동,1112.0,,,,,,,,,,,,,,,,,,,,,,,,,,,
4723055505,명산동,1510.0,,,,,,,,,,,,,,,,,,,,,,,,,,,
4725025000,함창읍,10024.0,9767.0,9551.0,9193.0,8940.0,8658.0,8370.0,8122.0,7798.0,7609.0,7432.0,7205.0,7245.0,7121.0,7042.0,6927.0,6841.0,6705.0,6585.0,6949.0,6999.0,6907.0,6782.0,6564.0,6354.0,6201.0,6199.0,6099.0
4725031000,중동면,2495.0,2371.0,2278.0,2162.0,2034.0,2012.0,1963.0,1883.0,1884.0,1872.0,1865.0,1855.0,1889.0,1861.0,1809.0,1778.0,1715.0,1646.0,1582.0,1543.0,1506.0,1493.0,1491.0,1414.0,1381.0,1324.0,1318.0,1292.0
4725032500,사벌국면,6008.0,5871.0,5675.0,5523.0,5272.0,5015.0,4810.0,4606.0,4490.0,4444.0,4435.0,4464.0,4468.0,4438.0,4388.0,4349.0,4282.0,4201.0,4132.0,4062.0,4016.0,4017.0,3963.0,3853.0,3798.0,3774.0,3696.0,3604.0
4725033000,낙동면,6386.0,6237.0,6064.0,5871.0,5684.0,5505.0,5256.0,5056.0,4978.0,4899.0,4886.0,4796.0,3523.0,3560.0,4742.0,3430.0,3401.0,3379.0,3315.0,3332.0,3254.0,3216.0,3137.0,3070.0,2968.0,2908.0,2861.0,2791.0
4725033100,낙동면동부출장소,,,,,,,,,,,,,1275.0,1298.0,,,,,,,,,,,,,,
4725033500,낙동면동부출장소,,,,,,,,,,,,,,,,1219.0,1201.0,1185.0,1159.0,1120.0,1084.0,1034.0,1046.0,992.0,965.0,970.0,970.0,921.0
4725034000,청리면,4985.0,4827.0,4672.0,4501.0,4299.0,4124.0,3974.0,3838.0,3700.0,3584.0,3552.0,3476.0,3480.0,3382.0,3286.0,3220.0,3145.0,3070.0,2993.0,2896.0,2811.0,2783.0,2764.0,2673.0,2563.0,2530.0,2487.0,2378.0
4725035000,공성면,7151.0,7027.0,6789.0,6526.0,6288.0,6035.0,5815.0,5617.0,5446.0,5260.0,5137.0,5040.0,4957.0,4926.0,4821.0,4751.0,4646.0,4506.0,4411.0,4299.0,4229.0,4118.0,4100.0,3956.0,3905.0,3869.0,3889.0,3815.0
4725036000,외남면,2664.0,2579.0,2486.0,2391.0,2283.0,2228.0,2130.0,2058.0,1996.0,1928.0,1903.0,1892.0,2039.0,1989.0,1973.0,1963.0,1937.0,1896.0,1856.0,1829.0,1821.0,1757.0,1733.0,1668.0,1620.0,1601.0,1556.0,1512.0
4725037000,내서면,2793.0,2692.0,2606.0,2569.0,2530.0,2468.0,2366.0,2336.0,2302.0,2237.0,2178.0,2136.0,2159.0,2170.0,2110.0,2126.0,2115.0,2033.0,2067.0,1980.0,1946.0,1911.0,2021.0,1960.0,1895.0,1885.0,1847.0,1789.0
4725038000,모동면,3623.0,3616.0,3567.0,3470.0,3351.0,3221.0,3065.0,3025.0,2964.0,2841.0,2831.0,2855.0,2862.0,2875.0,2839.0,2840.0,2834.0,2816.0,2798.0,2774.0,2720.0,2665.0,2639.0,2570.0,2542.0,2553.0,2560.0,2511.0
4725039000,모서면,3765.0,3749.0,3606.0,3460.0,3317.0,3195.0,3071.0,2952.0,2883.0,2814.0,2710.0,2719.0,1873.0,1925.0,2725.0,1893.0,1911.0,1875.0,1844.0,1834.0,1800.0,1791.0,1815.0,1753.0,1712.0,1682.0,1628.0,1625.0
4725039100,모서면서부출장소,,,,,,,,,,,,,818.0,829.0,,,,,,,,,,,,,,
4725039500,모서면서부출장소,,,,,,,,,,,,,,,,835.0,855.0,821.0,802.0,807.0,781.0,783.0,767.0,754.0,749.0,734.0,712.0,707.0
4725040000,화동면,2911.0,2859.0,2812.0,2669.0,2538.0,2463.0,2392.0,2314.0,2283.0,2249.0,2233.0,2209.0,2291.0,2288.0,2285.0,2257.0,2205.0,2198.0,2170.0,2150.0,2145.0,2065.0,2072.0,1993.0,1940.0,1901.0,1884.0,1862.0
4725041000,화서면,4230.0,4099.0,3946.0,3805.0,3641.0,3485.0,3347.0,3242.0,3142.0,3075.0,2996.0,2938.0,3035.0,2973.0,2921.0,2916.0,2887.0,2879.0,2895.0,2860.0,2848.0,2869.0,2929.0,2784.0,2799.0,2858.0,2929.0,2795.0
4725042000,화북면,2171.0,2099.0,2030.0,2002.0,1918.0,1860.0,1782.0,1710.0,1714.0,1689.0,1661.0,1662.0,1346.0,1344.0,1703.0,1335.0,1319.0,1297.0,1325.0,1304.0,1261.0,1271.0,1284.0,1233.0,1204.0,1175.0,1135.0,1117.0
4725042100,화북면서부출장소,,,,,,,,,,,,,419.0,384.0,,,,,,,,,,,,,,
4725042600,화북면서부출장소,,,,,,,,,,,,,,,,375.0,365.0,375.0,365.0,355.0,355.0,343.0,352.0,332.0,316.0,315.0,315.0,323.0
4725043000,외서면,3860.0,3799.0,3622.0,3511.0,3470.0,3361.0,3198.0,3104.0,2979.0,2933.0,2924.0,2899.0,2980.0,2988.0,3047.0,3024.0,2967.0,2921.0,2830.0,2804.0,2847.0,2880.0,2928.0,2730.0,2651.0,2591.0,2567.0,2491.0
4725044000,은척면,2661.0,2582.0,2516.0,2448.0,2316.0,2186.0,2097.0,2051.0,1978.0,1884.0,1837.0,1802.0,1442.0,1377.0,1779.0,1354.0,1302.0,1280.0,1238.0,1224.0,1188.0,1213.0,1225.0,1146.0,1136.0,1143.0,1107.0,1096.0
4725044100,은척면북부출장소,,,,,,,,,,,,,438.0,418.0,,,,,,,,,,,,,,
4725044500,은척면북부출장소,,,,,,,,,,,,,,,,402.0,393.0,380.0,377.0,367.0,385.0,378.0,397.0,380.0,378.0,374.0,359.0,354.0
4725045000,공검면,3988.0,3855.0,3721.0,3529.0,3410.0,3265.0,3119.0,2977.0,2874.0,2775.0,2713.0,2650.0,2652.0,2606.0,2581.0,2559.0,2459.0,2378.0,2353.0,2311.0,2270.0,2255.0,2252.0,2145.0,2111.0,2143.0,2069.0,1995.0
4725046000,이안면,3512.0,3410.0,3245.0,3120.0,2993.0,2875.0,2778.0,2678.0,2585.0,2562.0,2459.0,2415.0,2420.0,2345.0,2303.0,2288.0,2226.0,2248.0,2189.0,2155.0,2150.0,2125.0,2127.0,2060.0,1987.0,1967.0,1975.0,1937.0
4725047000,화남면,1245.0,1189.0,1139.0,1098.0,1049.0,1026.0,972.0,924.0,882.0,871.0,888.0,876.0,889.0,919.0,922.0,892.0,881.0,893.0,876.0,857.0,843.0,821.0,858.0,827.0,793.0,777.0,780.0,792.0
4725047001,중앙동,4708.0,,,,,,,,,,,,,,,,,,,,,,,,,,,
4725052000,남원동,14847.0,14849.0,14830.0,14724.0,14075.0,13618.0,13270.0,12844.0,12829.0,12756.0,12537.0,12390.0,12452.0,12686.0,12579.0,12513.0,12755.0,12326.0,12244.0,12084.0,12492.0,12820.0,12898.0,12259.0,11684.0,11484.0,11365.0,11032.0
4725053000,북문동,6996.0,7010.0,7034.0,7083.0,6955.0,6817.0,6700.0,6484.0,6360.0,6256.0,6192.0,6360.0,6551.0,6424.0,6267.0,6194.0,6318.0,8474.0,9434.0,9633.0,9635.0,9622.0,9698.0,9143.0,9342.0,9345.0,9241.0,9139.0
4725054000,계림동,9310.0,9369.0,9668.0,9820.0,9679.0,9313.0,9228.0,8930.0,8876.0,8731.0,8594.0,8447.0,8422.0,8393.0,8640.0,8868.0,8697.0,8289.0,8093.0,8031.0,7803.0,7555.0,7509.0,7935.0,8771.0,8934.0,8883.0,8845.0
4725055000,동문동,6764.0,11579.0,11464.0,11292.0,11673.0,11650.0,11323.0,11270.0,10974.0,10708.0,10434.0,10188.0,10101.0,10070.0,9804.0,9621.0,9480.0,9070.0,8885.0,8723.0,8513.0,8451.0,8442.0,8340.0,7865.0,7716.0,7595.0,7429.0
4725056000,동성동,5426.0,5658.0,5535.0,5543.0,5363.0,5228.0,5082.0,4923.0,4807.0,4619.0,4525.0,4446.0,4509.0,4358.0,4442.0,4461.0,4440.0,4215.0,4202.0,4106.0,3979.0,3902.0,3872.0,3670.0,3483.0,3408.0,3331.0,3221.0
4725057000,신흥동,8041.0,8166.0,8271.0,8364.0,8969.0,9391.0,9229.0,9641.0,9720.0,9684.0,9678.0,9661.0,9673.0,9660.0,9677.0,9792.0,9769.0,9536.0,9354.0,9410.0,9266.0,9252.0,9587.0,9024.0,8654.0,8661.0,8600.0,8378.0
4728025000,문경읍,9881.0,9646.0,9458.0,9408.0,9353.0,8632.0,8349.0,8122.0,7933.0,7746.0,7619.0,7668.0,6428.0,6460.0,7552.0,6253.0,6206.0,6208.0,6143.0,6089.0,6004.0,5859.0,5856.0,5839.0,5775.0,5781.0,5692.0,5592.0
4728025100,문경읍갈평출장소,,,,,,,,,,,,,1179.0,1204.0,,1162.0,1171.0,1185.0,1173.0,1177.0,1168.0,1133.0,1133.0,1129.0,1109.0,1088.0,1084.0,1068.0
4728025300,가은읍,6041.0,5884.0,5691.0,5594.0,5349.0,5075.0,4819.0,4750.0,4637.0,4459.0,4311.0,4339.0,3583.0,3583.0,4322.0,3408.0,3407.0,3385.0,3392.0,3301.0,3256.0,3186.0,3198.0,3221.0,3206.0,3183.0,3085.0,3031.0
4728025310,가은읍북부출장소,,,,,,,,,,,,,840.0,851.0,,,,,,,,,,,,,,
4728025400,가은읍북부출장소,,,,,,,,,,,,,,,,838.0,821.0,845.0,848.0,860.0,841.0,812.0,831.0,833.0,883.0,845.0,843.0,853.0
4728031000,영순면,3803.0,3701.0,3636.0,3612.0,3620.0,3247.0,3139.0,3019.0,2952.0,2788.0,2702.0,2754.0,2856.0,2951.0,2777.0,2681.0,2689.0,2629.0,2790.0,2584.0,2418.0,2447.0,2555.0,2451.0,2452.0,2418.0,2324.0,2271.0
4728032000,산양면,5110.0,4917.0,4792.0,4748.0,4770.0,4377.0,4192.0,4014.0,3871.0,3751.0,3670.0,3768.0,3767.0,3688.0,3647.0,3482.0,3459.0,3389.0,3380.0,3281.0,3226.0,3148.0,3148.0,3044.0,3072.0,3026.0,2983.0,2909.0
4728033000,호계면,3398.0,3287.0,3249.0,3253.0,3205.0,3008.0,2894.0,2788.0,2719.0,2619.0,2570.0,2635.0,2822.0,2865.0,2895.0,2843.0,2729.0,2647.0,2651.0,2605.0,2548.0,2467.0,2470.0,2399.0,2434.0,2432.0,2341.0,2283.0
4728034000,산북면,4393.0,4267.0,4080.0,4074.0,4081.0,3687.0,3522.0,3413.0,3320.0,3225.0,3164.0,3145.0,3194.0,3197.0,3092.0,3029.0,3029.0,2989.0,3000.0,2943.0,2871.0,2802.0,2805.0,2777.0,2787.0,2693.0,2653.0,2569.0
4728035000,동로면,2326.0,2281.0,2244.0,2235.0,2148.0,1956.0,1872.0,1822.0,1799.0,1768.0,1686.0,1754.0,1783.0,1823.0,1879.0,1847.0,1884.0,1942.0,1966.0,1958.0,1937.0,1897.0,1924.0,1951.0,2008.0,2028.0,1958.0,1916.0
4728036000,마성면,5889.0,5699.0,5514.0,5308.0,5167.0,4797.0,4663.0,4449.0,4282.0,4179.0,4047.0,4060.0,4109.0,4053.0,4026.0,3928.0,3901.0,3864.0,3819.0,3794.0,3718.0,3622.0,3628.0,3565.0,3558.0,3503.0,3364.0,3279.0
4728037000,농암면,3651.0,3643.0,3549.0,3448.0,3348.0,3134.0,3004.0,2919.0,2865.0,2835.0,2765.0,2858.0,2888.0,3010.0,2874.0,2776.0,2785.0,2736.0,2737.0,2725.0,2638.0,2586.0,2588.0,2609.0,2612.0,2560.0,2549.0,2508.0
4728051500,점촌동,6839.0,6561.0,6246.0,6303.0,6008.0,5609.0,,,,,,,,,,,,,,,,,,,,,,
4728052000,중앙동,7500.0,7199.0,7054.0,7062.0,7025.0,6361.0,,,,,,,,,,,,,,,,,,,,,,
4728053000,신흥동,12152.0,12011.0,11816.0,11903.0,11917.0,11160.0,,,,,,,,,,,,,,,,,,,,,,
4728054000,신기동,2447.0,2305.0,,,,,,,,,,,,,,,,,,,,,,,,,,
4728054500,신평동,,,4913.0,5040.0,5006.0,4553.0,,,,,,,,,,,,,,,,,,,,,,
4728055000,대성동,1706.0,1625.0,,,,,,,,,,,,,,,,,,,,,,,,,,
4728056000,모전동,16638.0,18137.0,17902.0,17912.0,18094.0,18153.0,,,,,,,,,,,,,,,,,,,,,,
4728057000,점촌1동,,,,,,,5401.0,7342.0,7107.0,6812.0,6684.0,6730.0,6559.0,6430.0,6263.0,6217.0,6108.0,5985.0,5873.0,5860.0,5667.0,5572.0,5729.0,5813.0,5742.0,5630.0,5422.0,5330.0
4728058000,점촌2동,,,,,,,5968.0,9153.0,8891.0,8644.0,8459.0,8381.0,8339.0,8465.0,8360.0,8273.0,8279.0,8168.0,8065.0,7919.0,7603.0,7385.0,7345.0,7122.0,7030.0,6924.0,6708.0,6480.0
4728059000,점촌3동,,,,,,,10690.0,10405.0,10286.0,10092.0,9984.0,9758.0,9856.0,10165.0,10225.0,10178.0,10243.0,10092.0,10027.0,9773.0,9673.0,9497.0,9359.0,9087.0,9060.0,9059.0,8718.0,8435.0
4728060000,점촌4동,,,,,,,4304.0,4157.0,4145.0,4022.0,3881.0,3815.0,3792.0,3780.0,3763.0,3646.0,3554.0,3545.0,3470.0,3368.0,3257.0,3153.0,3172.0,3162.0,3164.0,3081.0,2967.0,2948.0
4728061000,점촌5동,,,,,,,18441.0,13199.0,13251.0,13237.0,13238.0,13821.0,14650.0,14866.0,15052.0,15338.0,15399.0,16302.0,16450.0,16465.0,16469.0,16308.0,16501.0,16404.0,16262.0,16122.0,16064.0,15785.0
4729025000,하양읍,26015.0,27435.0,29454.0,30415.0,30325.0,30000.0,29544.0,29030.0,28885.0,29508.0,29119.0,28831.0,27973.0,27619.0,26987.0,26855.0,26659.0,26617.0,26446.0,26157.0,26728.0,26482.0,26066.0,25619.0,28053.0,29669.0,31415.0,32761.0
4729025300,진량읍,30987.0,35640.0,37428.0,38513.0,38487.0,37922.0,37143.0,36714.0,37298.0,37534.0,38027.0,38806.0,38913.0,39078.0,38767.0,38594.0,38541.0,38862.0,38457.0,37698.0,37099.0,36703.0,36319.0,36335.0,35568.0,34876.0,34115.0,33318.0
4729025600,압량면,11904.0,13267.0,13714.0,13276.0,13237.0,13248.0,13141.0,13027.0,12821.0,12705.0,12638.0,12533.0,12329.0,12397.0,13202.0,14971.0,15256.0,15585.0,17003.0,21315.0,21327.0,21138.0,20886.0,20912.0,20797.0,20852.0,20388.0,21833.0
4729031000,와촌면,7844.0,7665.0,7566.0,7295.0,7170.0,7052.0,6901.0,6867.0,6792.0,6666.0,6484.0,6513.0,6449.0,6412.0,6298.0,6238.0,6120.0,6065.0,6086.0,6352.0,6495.0,6399.0,6218.0,5985.0,5732.0,5545.0,5401.0,5216.0
4729033000,자인면,8651.0,8610.0,8449.0,8413.0,8199.0,7887.0,7607.0,7421.0,7230.0,7045.0,6914.0,6805.0,6587.0,6488.0,6431.0,6283.0,6285.0,6287.0,6248.0,6089.0,5936.0,5740.0,5652.0,5558.0,5453.0,5396.0,5304.0,5163.0
4729034000,용성면,5109.0,5005.0,4816.0,4686.0,4536.0,4412.0,4251.0,4139.0,4041.0,3983.0,3989.0,3991.0,3888.0,3826.0,3775.0,3687.0,3685.0,3698.0,3651.0,3562.0,3532.0,3511.0,3457.0,3346.0,3270.0,3239.0,3234.0,3235.0
4729035000,남산면,4826.0,4818.0,4876.0,4903.0,4800.0,4680.0,4514.0,4394.0,4325.0,4219.0,4206.0,4154.0,4085.0,3999.0,3918.0,3834.0,3785.0,3861.0,3969.0,3897.0,3842.0,3832.0,3833.0,3760.0,3711.0,3719.0,3661.0,3553.0
4729037000,남천면,4535.0,4427.0,4445.0,4212.0,4148.0,4117.0,4081.0,3977.0,3920.0,3792.0,3749.0,3724.0,3601.0,3539.0,3493.0,3489.0,3451.0,3547.0,3499.0,3418.0,3326.0,3195.0,3098.0,3034.0,2919.0,2864.0,2774.0,2704.0
4729051000,중방동,8739.0,8521.0,8520.0,8526.0,8340.0,8196.0,8075.0,7794.0,7665.0,7544.0,7346.0,7321.0,7027.0,9948.0,11160.0,11238.0,11098.0,11311.0,11502.0,11275.0,10576.0,10209.0,10118.0,10015.0,9643.0,9451.0,10841.0,10784.0
4729052000,중앙동,9049.0,9013.0,9020.0,8938.0,8818.0,8659.0,8669.0,8266.0,7918.0,7719.0,7670.0,7648.0,7385.0,7360.0,7340.0,7256.0,7026.0,7198.0,7259.0,7323.0,7231.0,7004.0,6752.0,6620.0,6359.0,6269.0,5997.0,5755.0
4729053000,남부동,10240.0,10092.0,9909.0,9749.0,9525.0,9332.0,9072.0,8960.0,13462.0,16464.0,17635.0,17667.0,17092.0,17068.0,17375.0,17376.0,17288.0,17589.0,17655.0,17403.0,17291.0,19755.0,20341.0,20107.0,19968.0,19703.0,19114.0,18445.0
4729054000,서부동,48217.0,50572.0,51490.0,51757.0,51310.0,51095.0,49970.0,,,,,,,,,,,,,,,,,,,,,
4729054100,서부1동,,,,,,,,30512.0,32899.0,36563.0,37640.0,37663.0,38245.0,39210.0,40125.0,40525.0,40271.0,40998.0,41109.0,40197.0,39334.0,38381.0,37560.0,36652.0,35561.0,34952.0,31397.0,30187.0
4729054200,서부2동,,,,,,,,21326.0,21902.0,21481.0,21262.0,21242.0,20882.0,20723.0,20577.0,20605.0,20431.0,21682.0,22731.0,22424.0,26447.0,28407.0,30169.0,30723.0,36165.0,35864.0,38422.0,41316.0
4729055000,북부동,5268.0,5177.0,5200.0,5359.0,5593.0,6196.0,6697.0,10011.0,11646.0,12663.0,12867.0,13047.0,12573.0,12565.0,12491.0,12497.0,12642.0,13174.0,13261.0,13072.0,12935.0,13773.0,15678.0,16272.0,16296.0,16681.0,16541.0,16212.0
4729056000,동부동,16920.0,17202.0,17602.0,17779.0,21507.0,25650.0,26575.0,27141.0,26962.0,26953.0,27335.0,27478.0,29430.0,30476.0,31745.0,32910.0,36267.0,37494.0,38012.0,37855.0,37386.0,36564.0,37038.0,38790.0,38874.0,38645.0,37601.0,35916.0
4772025000,군위읍,9787.0,9737.0,9881.0,10058.0,10104.0,10000.0,9149.0,9006.0,8602.0,8389.0,8178.0,8020.0,7931.0,7957.0,7857.0,7905.0,8063.0,8193.0,8428.0,8387.0,8433.0,8447.0,8413.0,8193.0,8161.0,8275.0,,
4772031000,소보면,3404.0,3395.0,3412.0,3428.0,3539.0,3236.0,3150.0,3174.0,3122.0,2900.0,2716.0,2698.0,2643.0,2607.0,2528.0,2481.0,2476.0,2458.0,2395.0,2438.0,2402.0,2328.0,2307.0,2317.0,2253.0,2296.0,,
4772032000,효령면,4971.0,4850.0,4939.0,5075.0,5482.0,4969.0,4736.0,4706.0,4516.0,4362.0,4248.0,4211.0,4192.0,4158.0,4102.0,4049.0,3992.0,3981.0,3962.0,3987.0,3966.0,3874.0,3837.0,3768.0,3753.0,3821.0,,
4772033000,부계면,2941.0,2863.0,2929.0,2939.0,3085.0,2780.0,2630.0,2472.0,2455.0,2377.0,2288.0,2293.0,2232.0,2149.0,2080.0,2058.0,2063.0,2056.0,2046.0,2034.0,1982.0,1989.0,2042.0,2042.0,2011.0,2093.0,,
4772034000,우보면,2911.0,2825.0,2855.0,2868.0,2974.0,2900.0,2687.0,2501.0,2414.0,2289.0,2248.0,2207.0,2221.0,2213.0,2181.0,2176.0,2173.0,2139.0,2067.0,2106.0,2220.0,2150.0,2134.0,2007.0,1933.0,1971.0,,
4772035000,의흥면,3828.0,3730.0,3641.0,3820.0,4107.0,3512.0,3327.0,3270.0,3145.0,3073.0,2990.0,2906.0,2876.0,2816.0,2809.0,2802.0,2780.0,2725.0,2648.0,2623.0,2610.0,2502.0,2495.0,2385.0,2356.0,2365.0,,
4772036000,산성면,2012.0,1947.0,1980.0,2066.0,2225.0,1956.0,1748.0,1617.0,1564.0,1509.0,1465.0,1432.0,1393.0,1393.0,1329.0,1302.0,1298.0,1312.0,1262.0,1258.0,1275.0,1269.0,1250.0,1189.0,1182.0,1211.0,,
4772037000,고로면,2209.0,2143.0,2209.0,2383.0,2539.0,2301.0,2335.0,2079.0,1891.0,1788.0,1648.0,1542.0,1478.0,1443.0,1382.0,1346.0,1327.0,1306.0,1318.0,1338.0,1327.0,1360.0,1365.0,1355.0,,,,
4772038000,삼국유사면,,,,,,,,,,,,,,,,,,,,,,,,,1296.0,1308.0,,
4773025000,의성읍,18675.0,18702.0,18453.0,18056.0,17537.0,16832.0,16295.0,15937.0,15570.0,15359.0,15089.0,14870.0,14720.0,14730.0,14594.0,14535.0,14424.0,14324.0,14121.0,14025.0,13897.0,13863.0,13758.0,13447.0,12971.0,12811.0,12676.0,12296.0
4773031000,단촌면,3479.0,3408.0,3290.0,3186.0,3110.0,2976.0,2866.0,2779.0,2692.0,2604.0,2504.0,2389.0,2341.0,2306.0,2245.0,2213.0,2143.0,2123.0,2092.0,2084.0,2087.0,2050.0,2023.0,1937.0,1924.0,1910.0,1911.0,1826.0
4773032000,점곡면,2734.0,2760.0,2730.0,2640.0,2544.0,2385.0,2340.0,2256.0,2211.0,2139.0,2047.0,2001.0,2014.0,1978.0,1907.0,1898.0,1869.0,1835.0,1779.0,1760.0,1714.0,1672.0,1637.0,1598.0,1614.0,1592.0,1570.0,1506.0
4773033000,옥산면,3062.0,3020.0,2954.0,2827.0,2736.0,2648.0,2530.0,2439.0,2403.0,2340.0,2311.0,2218.0,2189.0,2182.0,2156.0,2073.0,2033.0,1966.0,1944.0,1934.0,1918.0,1893.0,1839.0,1820.0,1745.0,1741.0,1751.0,1697.0
4773034000,사곡면,2759.0,2703.0,2621.0,2512.0,2419.0,2339.0,2258.0,2166.0,2080.0,1996.0,1912.0,1845.0,1794.0,1785.0,1765.0,1730.0,1691.0,1631.0,1604.0,1586.0,1588.0,1612.0,1592.0,1565.0,1551.0,1559.0,1556.0,1518.0
4773035000,춘산면,2435.0,2436.0,2409.0,2363.0,2255.0,2145.0,2066.0,1991.0,1911.0,1855.0,1778.0,1754.0,1758.0,1742.0,1713.0,1667.0,1630.0,1621.0,1593.0,1561.0,1542.0,1521.0,1504.0,1468.0,1450.0,1483.0,1490.0,1482.0
4773036000,가음면,2374.0,2340.0,2244.0,2167.0,2095.0,2006.0,1953.0,1885.0,1837.0,1785.0,1725.0,1693.0,1658.0,1625.0,1588.0,1597.0,1543.0,1491.0,1484.0,1495.0,1504.0,1503.0,1469.0,1466.0,1456.0,1463.0,1475.0,1428.0
4773037000,금성면,7013.0,6940.0,6805.0,6480.0,6274.0,6020.0,5771.0,5574.0,5425.0,5326.0,5212.0,5152.0,5066.0,5007.0,4872.0,4767.0,4707.0,4674.0,4635.0,4607.0,4491.0,4479.0,4429.0,4334.0,4201.0,4179.0,4159.0,4068.0
4773038000,봉양면,5655.0,5544.0,5464.0,5347.0,5203.0,4998.0,4800.0,4616.0,4521.0,4404.0,4314.0,4230.0,4148.0,4133.0,4067.0,4056.0,4031.0,4001.0,3962.0,3964.0,3974.0,3969.0,4001.0,3953.0,3842.0,3823.0,3883.0,3832.0
4773039000,비안면,4059.0,3969.0,3868.0,3715.0,3544.0,3411.0,3270.0,3130.0,3021.0,2925.0,2854.0,2811.0,2771.0,2779.0,2700.0,2644.0,2610.0,2552.0,2551.0,2494.0,2536.0,2511.0,2571.0,2553.0,2573.0,2550.0,2571.0,2539.0
4773040000,구천면,2904.0,2816.0,2759.0,2678.0,2596.0,2469.0,2379.0,2301.0,2250.0,2201.0,2147.0,2073.0,2065.0,2041.0,2027.0,2022.0,1979.0,1937.0,1908.0,1933.0,1891.0,1830.0,1817.0,1821.0,1756.0,1738.0,1731.0,1682.0
4773041000,단밀면,3043.0,3034.0,2928.0,2827.0,2710.0,2582.0,2498.0,2379.0,2347.0,2326.0,2236.0,2219.0,2173.0,2179.0,2154.0,2119.0,2079.0,2006.0,1960.0,1936.0,1892.0,1847.0,1818.0,1756.0,1698.0,1664.0,1672.0,1606.0
4773042000,단북면,3132.0,2984.0,2998.0,2916.0,2803.0,2741.0,2637.0,2544.0,2420.0,2316.0,2283.0,2203.0,2160.0,2149.0,2110.0,2093.0,2066.0,2037.0,1979.0,1959.0,1905.0,1867.0,1850.0,1802.0,1783.0,1757.0,1740.0,1670.0
4773043000,안계면,6874.0,6846.0,6669.0,6450.0,6277.0,6019.0,5831.0,5651.0,5571.0,5490.0,5331.0,5220.0,5161.0,5151.0,5054.0,5000.0,4892.0,4800.0,4725.0,4650.0,4606.0,4552.0,4605.0,4585.0,4543.0,4440.0,4388.0,4251.0
4773044000,다인면,6847.0,6750.0,6602.0,6330.0,6130.0,5938.0,5728.0,5511.0,5338.0,5187.0,5086.0,4918.0,4784.0,4732.0,4576.0,4478.0,4334.0,4218.0,4187.0,4127.0,4062.0,3973.0,3879.0,3822.0,3765.0,3711.0,3716.0,3596.0
4773045000,신평면,1396.0,1359.0,1309.0,1257.0,1207.0,1140.0,1088.0,1024.0,1009.0,1014.0,962.0,927.0,905.0,917.0,877.0,851.0,838.0,820.0,807.0,814.0,821.0,799.0,798.0,815.0,822.0,805.0,815.0,791.0
4773046000,안평면,3686.0,3527.0,3406.0,3255.0,3145.0,2947.0,2832.0,2765.0,2703.0,2589.0,2524.0,2470.0,2396.0,2397.0,2360.0,2344.0,2271.0,2273.0,2263.0,2225.0,2187.0,2165.0,2156.0,2143.0,2126.0,2122.0,2105.0,2048.0
4773047000,안사면,1406.0,1421.0,1357.0,1321.0,1287.0,1267.0,1230.0,1176.0,1148.0,1091.0,1051.0,1040.0,1006.0,999.0,979.0,956.0,924.0,903.0,883.0,860.0,859.0,838.0,849.0,839.0,812.0,838.0,877.0,854.0
4777025000,영덕읍,13146.0,13270.0,13111.0,12778.0,12579.0,13581.0,12191.0,12148.0,11963.0,12900.0,11707.0,11531.0,11305.0,11204.0,11081.0,11181.0,11339.0,11312.0,11306.0,11567.0,11536.0,11539.0,11394.0,11040.0,10740.0,10580.0,10414.0,10208.0
4777031000,강구면,9904.0,9916.0,9740.0,9537.0,9298.0,9664.0,8687.0,8443.0,8325.0,8626.0,8156.0,8007.0,7765.0,7711.0,7502.0,7320.0,7215.0,6978.0,6857.0,6693.0,6613.0,6552.0,6414.0,6248.0,6000.0,5896.0,5795.0,5604.0
4777032000,남정면,4053.0,4023.0,3886.0,3725.0,3565.0,3947.0,3355.0,3247.0,3208.0,3227.0,3083.0,2983.0,2913.0,2917.0,2835.0,2746.0,2719.0,2664.0,2621.0,2560.0,2508.0,2467.0,2416.0,2371.0,2327.0,2269.0,2246.0,2220.0
4777033000,달산면,1770.0,1745.0,1679.0,1639.0,1567.0,1735.0,1488.0,1457.0,1415.0,1455.0,1402.0,1383.0,1334.0,1315.0,1378.0,1398.0,1379.0,1344.0,1292.0,1264.0,1227.0,1215.0,1191.0,1124.0,1113.0,1097.0,1074.0,1067.0
4777034000,지품면,3569.0,3490.0,3326.0,3175.0,3027.0,3267.0,2855.0,2699.0,2667.0,2764.0,2581.0,2544.0,1744.0,1721.0,2404.0,1664.0,1641.0,1644.0,1621.0,1615.0,1572.0,1532.0,1510.0,1489.0,1477.0,1424.0,1406.0,1356.0
4777034100,지품면원전출장소,,,,,,,,,,,,,719.0,711.0,,,,,,,,,,,,,,
4777034500,지품면원전출장소,,,,,,,,,,,,,,,,666.0,660.0,654.0,656.0,630.0,618.0,577.0,553.0,529.0,522.0,523.0,527.0,510.0
4777035000,축산면,4556.0,4533.0,4457.0,4320.0,4127.0,4224.0,3933.0,3784.0,3715.0,3664.0,3443.0,3349.0,1005.0,1008.0,3160.0,1003.0,1037.0,1053.0,1036.0,1029.0,1012.0,966.0,942.0,921.0,904.0,893.0,874.0,855.0
4777035100,축산면축산출장소,,,,,,,,,,,,,2271.0,2217.0,,,,,,,,,,,,,,
4777035500,축산면축산출장소,,,,,,,,,,,,,,,,2118.0,2095.0,2052.0,2044.0,1994.0,1943.0,1901.0,1800.0,1736.0,1651.0,1582.0,1556.0,1486.0
4777036000,영해면,9485.0,9399.0,9211.0,8924.0,8730.0,9160.0,8277.0,8065.0,7900.0,7936.0,7553.0,7490.0,7374.0,7336.0,7262.0,7077.0,7019.0,6898.0,6819.0,6821.0,6721.0,6683.0,6567.0,6381.0,6212.0,6159.0,6010.0,5851.0
4777037000,병곡면,4974.0,4801.0,4626.0,4430.0,4238.0,4425.0,3911.0,3811.0,3659.0,3699.0,3506.0,3441.0,3327.0,3263.0,3218.0,3166.0,3127.0,3090.0,3067.0,3030.0,2969.0,2908.0,2847.0,2786.0,2734.0,2670.0,2604.0,2539.0
4777038000,창수면,2901.0,2822.0,2694.0,2603.0,2462.0,2599.0,2268.0,2172.0,2151.0,2189.0,2039.0,1979.0,1953.0,1974.0,1954.0,1918.0,1911.0,1897.0,1872.0,1849.0,1810.0,1768.0,1727.0,1688.0,1634.0,1557.0,1549.0,1514.0
4782025000,화양읍,8277.0,8300.0,8148.0,7701.0,7708.0,7709.0,7716.0,7488.0,7521.0,7352.0,7343.0,7214.0,5911.0,6514.0,7881.0,6743.0,6687.0,6700.0,6756.0,6668.0,6740.0,6971.0,7219.0,7186.0,7213.0,7184.0,7108.0,6947.0
4782025100,화양읍남성현출장소,,,,,,,,,,,,,1295.0,1255.0,,1234.0,1235.0,1228.0,1230.0,1231.0,1183.0,1156.0,1147.0,1119.0,1120.0,1098.0,1113.0,1092.0
4782025300,청도읍,17158.0,17160.0,16896.0,16194.0,15888.0,15682.0,15497.0,14732.0,14309.0,14030.0,13770.0,13532.0,11495.0,11241.0,12937.0,10951.0,10987.0,11105.0,11064.0,11020.0,10897.0,10693.0,10519.0,10320.0,10145.0,10071.0,9919.0,9670.0
4782025310,청도읍유호출장소,,,,,,,,,,,,,1889.0,1848.0,,,,,,,,,,,,,,
4782025400,청도읍유호출장소,,,,,,,,,,,,,,,,1808.0,1782.0,1802.0,1761.0,1728.0,1707.0,1675.0,1649.0,1620.0,1575.0,1546.0,1518.0,1490.0
4782031000,각남면,3353.0,3355.0,3206.0,3046.0,2925.0,2886.0,2793.0,2603.0,2561.0,2517.0,2453.0,2380.0,2347.0,2274.0,2301.0,2292.0,2269.0,2248.0,2220.0,2195.0,2199.0,2185.0,2164.0,2127.0,2159.0,2160.0,2145.0,2118.0
4782032000,풍각면,5868.0,5870.0,5713.0,5398.0,5229.0,5098.0,5014.0,4778.0,4621.0,4541.0,4424.0,4363.0,4301.0,4356.0,4293.0,4178.0,4096.0,4108.0,4096.0,4123.0,4099.0,4029.0,4003.0,3935.0,3858.0,3809.0,3736.0,3677.0
4782033000,각북면,2611.0,2615.0,2580.0,2462.0,2409.0,2380.0,2374.0,2253.0,2192.0,2195.0,2196.0,2219.0,2195.0,2173.0,2205.0,2213.0,2210.0,2230.0,2268.0,2291.0,2258.0,2242.0,2265.0,2227.0,2238.0,2276.0,2276.0,2296.0
4782034000,이서면,5725.0,5726.0,5453.0,5346.0,5238.0,5190.0,5125.0,4815.0,4782.0,4788.0,4812.0,4724.0,4752.0,4724.0,4732.0,4707.0,4737.0,4809.0,4743.0,4655.0,4650.0,4627.0,4611.0,4507.0,4513.0,4504.0,4528.0,4454.0
4782035000,운문면,2892.0,2905.0,2913.0,2786.0,2656.0,2612.0,2603.0,2493.0,2485.0,2431.0,2450.0,2393.0,2321.0,2313.0,2286.0,2269.0,2273.0,2250.0,2236.0,2250.0,2226.0,2161.0,2132.0,2110.0,2061.0,2008.0,1980.0,1924.0
4782036000,금천면,4965.0,4973.0,4942.0,4447.0,4328.0,4276.0,4275.0,4009.0,3910.0,3955.0,3834.0,3768.0,3665.0,3629.0,3635.0,3591.0,3532.0,3508.0,3425.0,3464.0,3434.0,3419.0,3374.0,3327.0,3273.0,3222.0,3218.0,3193.0
4782037000,매전면,5749.0,5754.0,5661.0,5117.0,4887.0,4883.0,4744.0,4507.0,4367.0,4335.0,4233.0,4118.0,4108.0,4064.0,4028.0,3982.0,3980.0,4005.0,3925.0,3939.0,3953.0,3899.0,3827.0,3785.0,3736.0,3736.0,3775.0,3721.0
4783025300,대가야읍,11272.0,11449.0,11344.0,11278.0,11233.0,11217.0,10881.0,10760.0,10718.0,10738.0,10537.0,10367.0,10403.0,10686.0,10856.0,10891.0,10959.0,11003.0,10903.0,10781.0,10646.0,10458.0,10365.0,10077.0,9886.0,9827.0,9660.0,9404.0
4783031000,덕곡면,1944.0,1866.0,1863.0,1813.0,1758.0,1705.0,1680.0,1655.0,1619.0,1595.0,1559.0,1520.0,1514.0,1523.0,1512.0,1482.0,1466.0,1508.0,1478.0,1543.0,1498.0,1486.0,1481.0,1433.0,1414.0,1392.0,1441.0,1449.0
4783032000,운수면,2719.0,2643.0,2620.0,2577.0,2498.0,2373.0,2340.0,2282.0,2273.0,2318.0,2285.0,2220.0,2193.0,2151.0,2082.0,2049.0,2057.0,2067.0,2030.0,2028.0,2015.0,1992.0,1916.0,1883.0,1812.0,1772.0,1782.0,1734.0
4783033000,성산면,3832.0,3758.0,3783.0,3604.0,3500.0,3415.0,3284.0,3224.0,3204.0,3176.0,3053.0,3005.0,2957.0,2954.0,2924.0,2923.0,2947.0,2936.0,2898.0,2833.0,2786.0,2729.0,2662.0,2594.0,2515.0,2509.0,2500.0,2469.0
4783034000,다산면,7394.0,7398.0,7483.0,7478.0,7433.0,7262.0,7147.0,7198.0,7248.0,7925.0,8681.0,8977.0,8918.0,8957.0,9810.0,9880.0,9710.0,9618.0,9578.0,9468.0,9263.0,8970.0,8766.0,8445.0,8295.0,8144.0,8040.0,8453.0
4783035000,개진면,3112.0,2976.0,2942.0,2842.0,2692.0,2553.0,2510.0,2460.0,2450.0,2425.0,2344.0,2312.0,2266.0,2284.0,2294.0,2296.0,2277.0,2264.0,2222.0,2169.0,2160.0,2084.0,2015.0,1941.0,1902.0,1893.0,1869.0,1813.0
4783036000,우곡면,2802.0,2724.0,2682.0,2586.0,2471.0,2437.0,2295.0,2234.0,2187.0,2123.0,2088.0,2044.0,2056.0,2023.0,1953.0,1918.0,1903.0,1841.0,1786.0,1776.0,1762.0,1702.0,1641.0,1591.0,1548.0,1552.0,1555.0,1528.0
4783037000,쌍림면,5706.0,5633.0,5534.0,5409.0,5211.0,5016.0,4805.0,4709.0,4572.0,4477.0,4360.0,4325.0,4228.0,4100.0,4024.0,3904.0,3879.0,3796.0,3699.0,3659.0,3638.0,3548.0,3527.0,3397.0,3254.0,3264.0,3292.0,3212.0
4784025000,성주읍,14125.0,14172.0,14329.0,14123.0,14152.0,14573.0,13910.0,13809.0,13652.0,13523.0,13461.0,13372.0,13422.0,13218.0,13276.0,13231.0,13558.0,13776.0,13978.0,14153.0,14120.0,14120.0,13923.0,13737.0,13518.0,13376.0,13300.0,13272.0
4784031000,선남면,7547.0,7530.0,7539.0,7328.0,7180.0,7363.0,7047.0,6925.0,6790.0,6712.0,6709.0,6642.0,6858.0,6816.0,6846.0,6766.0,6652.0,6571.0,6469.0,6471.0,6484.0,6486.0,6327.0,6154.0,6110.0,6110.0,6023.0,5924.0
4784032000,용암면,4699.0,4602.0,4451.0,4392.0,4307.0,4586.0,4168.0,4064.0,4036.0,3972.0,3830.0,3767.0,3826.0,3790.0,3967.0,3880.0,3896.0,3829.0,3839.0,3919.0,3881.0,3778.0,3785.0,3734.0,3638.0,3648.0,3570.0,3506.0
4784033000,수륜면,4367.0,4238.0,4139.0,3944.0,3902.0,3974.0,3674.0,3594.0,3544.0,3482.0,3329.0,3260.0,3321.0,3315.0,3248.0,3225.0,3188.0,3186.0,3184.0,3150.0,3195.0,3092.0,3086.0,3111.0,3143.0,3214.0,3202.0,3169.0
4784034000,가천면,2641.0,2639.0,2573.0,2483.0,2403.0,2417.0,2256.0,2201.0,2153.0,2083.0,2066.0,2017.0,2055.0,2048.0,2070.0,2039.0,2046.0,2059.0,2062.0,2046.0,2047.0,2011.0,1999.0,2035.0,2003.0,1984.0,1981.0,1922.0
4784035500,금수강산면,1396.0,1363.0,1367.0,1323.0,1311.0,1311.0,1197.0,1192.0,1203.0,1204.0,1166.0,1147.0,1198.0,1195.0,1216.0,1199.0,1179.0,1148.0,1139.0,1141.0,1188.0,1159.0,1194.0,1212.0,1196.0,1196.0,1198.0,1167.0
4784036000,대가면,3442.0,3345.0,3231.0,3150.0,3031.0,3073.0,2891.0,2787.0,2731.0,2735.0,2643.0,2532.0,2621.0,2577.0,2596.0,2624.0,2527.0,2511.0,2554.0,2518.0,2562.0,2559.0,2489.0,2452.0,2427.0,2349.0,2316.0,2219.0
4784037000,벽진면,4427.0,4435.0,4431.0,4297.0,4233.0,4360.0,3992.0,3886.0,3801.0,3736.0,3625.0,3553.0,3565.0,3542.0,3551.0,3473.0,3444.0,3399.0,3310.0,3288.0,3264.0,3218.0,3157.0,3071.0,3041.0,3015.0,2945.0,2887.0
4784038000,초전면,6277.0,6227.0,6150.0,5963.0,5939.0,6087.0,5759.0,5606.0,5444.0,5373.0,5274.0,5256.0,5242.0,5239.0,5245.0,5207.0,5102.0,5044.0,5004.0,4989.0,4852.0,4776.0,4639.0,4511.0,4439.0,4402.0,4331.0,4241.0
4784039000,월항면,4292.0,4269.0,4195.0,4101.0,3922.0,4017.0,3761.0,3667.0,3606.0,3538.0,3577.0,3478.0,3508.0,3549.0,3625.0,3483.0,3475.0,3458.0,3490.0,3530.0,3545.0,3473.0,3416.0,3397.0,3327.0,3272.0,3220.0,3145.0
4785025000,왜관읍,30821.0,31310.0,31323.0,31087.0,30729.0,30383.0,30107.0,29793.0,29861.0,29974.0,31021.0,32303.0,32381.0,32948.0,32566.0,32418.0,32390.0,32614.0,32650.0,32511.0,32768.0,33110.0,33935.0,33444.0,32755.0,32114.0,31389.0,30595.0
4785025300,북삼읍,,,,,,,21781.0,22178.0,22795.0,23797.0,24660.0,25081.0,25358.0,25491.0,25393.0,25694.0,26037.0,26584.0,26398.0,26116.0,25523.0,24934.0,24044.0,24305.0,24383.0,24161.0,23813.0,23107.0
4785025600,석적읍,,,,,,,,,,23091.0,24333.0,26259.0,27464.0,28465.0,29043.0,30007.0,31490.0,32207.0,33736.0,35127.0,33985.0,32963.0,31820.0,30889.0,31178.0,31327.0,31110.0,30016.0
4785031000,지천면,7019.0,6926.0,6741.0,6637.0,6487.0,6320.0,6069.0,6030.0,5998.0,5941.0,5786.0,5519.0,5378.0,5345.0,5149.0,5087.0,5033.0,4943.0,4823.0,4719.0,4552.0,4444.0,4396.0,4234.0,4096.0,3956.0,3864.0,3802.0
4785032000,동명면,7323.0,7093.0,6928.0,6794.0,6888.0,6742.0,6634.0,6518.0,6541.0,6444.0,6376.0,6403.0,6256.0,6261.0,6176.0,6120.0,6021.0,5864.0,5809.0,5712.0,5677.0,5519.0,5593.0,5312.0,5335.0,5226.0,5182.0,5059.0
4785033000,가산면,4889.0,4896.0,4781.0,4706.0,4532.0,4396.0,4273.0,4214.0,4249.0,4290.0,4248.0,4104.0,4061.0,4018.0,3966.0,3970.0,3912.0,3860.0,3787.0,3751.0,3704.0,3619.0,3564.0,3520.0,3428.0,3357.0,3227.0,3198.0
4785034000,석적면,3683.0,4133.0,4317.0,14692.0,16122.0,17332.0,18104.0,19222.0,20096.0,,,,,,,,,,,,,,,,,,,
4785035000,북삼면,16948.0,17344.0,18720.0,19273.0,19935.0,21209.0,,,,,,,,,,,,,,,,,,,,,,
4785036000,약목면,17348.0,17317.0,17153.0,17049.0,16784.0,16327.0,15833.0,15506.0,15225.0,14968.0,14590.0,14056.0,13641.0,13464.0,13133.0,12921.0,12655.0,12346.0,12055.0,11664.0,11128.0,10764.0,10358.0,9824.0,9523.0,9255.0,8999.0,8679.0
4785037000,기산면,3469.0,3401.0,3319.0,3299.0,3266.0,3135.0,3042.0,3014.0,2985.0,2885.0,2837.0,2747.0,2749.0,3095.0,3412.0,3569.0,3644.0,3640.0,3571.0,3599.0,3527.0,3475.0,3337.0,3230.0,3124.0,3091.0,2997.0,2927.0
4790025000,예천읍,21610.0,21495.0,21127.0,20593.0,20266.0,19490.0,18966.0,18750.0,18482.0,18135.0,17822.0,17578.0,17549.0,17593.0,17585.0,17498.0,17518.0,17398.0,17337.0,16869.0,16240.0,15579.0,15197.0,14801.0,14548.0,14333.0,14059.0,13729.0
4790025300,호명면,3882.0,3779.0,3675.0,3566.0,3461.0,3340.0,3222.0,3158.0,3063.0,3052.0,2985.0,3016.0,3007.0,2957.0,2884.0,2814.0,2635.0,2623.0,2669.0,5023.0,9401.0,14863.0,17714.0,19193.0,19948.0,20550.0,20840.0,20864.0
4790031000,용문면,3928.0,3857.0,3713.0,3576.0,3429.0,3257.0,3110.0,2977.0,2917.0,2908.0,2805.0,2754.0,2704.0,2705.0,2714.0,2719.0,2700.0,2634.0,2578.0,2544.0,2498.0,2445.0,2396.0,2309.0,2268.0,2234.0,2155.0,2110.0
4790034000,감천면,4599.0,4533.0,4361.0,4177.0,4006.0,3847.0,3688.0,3551.0,3464.0,3462.0,3333.0,3240.0,3172.0,3122.0,3037.0,2961.0,2970.0,2972.0,2939.0,2924.0,2839.0,2765.0,2719.0,2657.0,2604.0,2557.0,2476.0,2450.0
4790035000,보문면,3032.0,2952.0,2864.0,2670.0,2533.0,2456.0,2293.0,2202.0,2127.0,2131.0,2022.0,1965.0,1981.0,1930.0,1907.0,1848.0,1838.0,1816.0,1799.0,1765.0,1756.0,1734.0,1737.0,1697.0,1672.0,1641.0,1626.0,1557.0
4790037000,유천면,4475.0,4404.0,4329.0,4286.0,4110.0,3958.0,3764.0,3663.0,3529.0,3548.0,3365.0,3343.0,3194.0,3201.0,3229.0,3214.0,3190.0,3148.0,3082.0,2997.0,2865.0,2688.0,2544.0,2531.0,2535.0,2517.0,2472.0,2448.0
4790038000,용궁면,4846.0,4765.0,4559.0,4385.0,4209.0,4025.0,3852.0,3708.0,3613.0,3572.0,3411.0,3288.0,3198.0,3149.0,3081.0,3019.0,2955.0,2890.0,2875.0,2788.0,2712.0,2610.0,2527.0,2456.0,2379.0,2348.0,2298.0,2220.0
4790039000,개포면,2958.0,2900.0,2748.0,2652.0,2580.0,2479.0,2370.0,2255.0,2199.0,2162.0,2117.0,2021.0,1956.0,1943.0,1920.0,1884.0,1855.0,1862.0,1803.0,1763.0,1712.0,1635.0,1567.0,1523.0,1494.0,1485.0,1465.0,1447.0
4790040000,지보면,5267.0,5161.0,4927.0,4783.0,4577.0,4345.0,4150.0,3972.0,3847.0,3720.0,3595.0,3542.0,3520.0,3451.0,3385.0,3358.0,3296.0,3253.0,3165.0,3100.0,3033.0,2897.0,2805.0,2721.0,2683.0,2626.0,2580.0,2542.0
4790041000,풍양면,6012.0,5888.0,5760.0,5578.0,5448.0,5226.0,5008.0,4822.0,4704.0,4583.0,4462.0,4370.0,4204.0,4149.0,4039.0,3994.0,3884.0,3787.0,3713.0,3660.0,3495.0,3397.0,3312.0,3165.0,3078.0,2955.0,2882.0,2796.0
4790042000,효자면,1747.0,1742.0,1638.0,1562.0,1489.0,1427.0,1375.0,1350.0,1313.0,1276.0,1306.0,1285.0,1249.0,1268.0,1283.0,1236.0,1245.0,1230.0,1235.0,1251.0,1229.0,1209.0,1197.0,1194.0,1160.0,1183.0,1172.0,1171.0
4790043000,은풍면,2287.0,2205.0,2127.0,2057.0,1973.0,1896.0,1851.0,1724.0,1693.0,1669.0,1643.0,1591.0,1572.0,1581.0,1515.0,1482.0,1487.0,1491.0,1479.0,1482.0,1473.0,1452.0,1385.0,1366.0,1370.0,1326.0,1300.0,1275.0
4792025000,봉화읍,13133.0,12955.0,12889.0,12672.0,12406.0,11995.0,11899.0,11596.0,11400.0,11132.0,10934.0,10877.0,10784.0,10760.0,10701.0,10670.0,10736.0,10660.0,10639.0,10596.0,10553.0,10428.0,10237.0,10008.0,9701.0,9507.0,9371.0,9083.0
4792031000,물야면,4823.0,4676.0,4533.0,4361.0,4167.0,3964.0,4016.0,3754.0,3641.0,3518.0,3436.0,3392.0,3376.0,3411.0,3365.0,3359.0,3389.0,3403.0,3397.0,3360.0,3336.0,3284.0,3190.0,3140.0,3059.0,3005.0,2888.0,2808.0
4792032000,봉성면,3401.0,3308.0,3159.0,3061.0,2977.0,2893.0,2789.0,2696.0,2644.0,2583.0,2538.0,2500.0,2437.0,2470.0,2429.0,2375.0,2312.0,2308.0,2271.0,2268.0,2255.0,2281.0,2199.0,2116.0,2077.0,2035.0,1962.0,1907.0
4792033000,법전면,3230.0,3179.0,2991.0,2840.0,2783.0,2700.0,2733.0,2550.0,2453.0,2368.0,2316.0,2292.0,2228.0,2260.0,2290.0,2226.0,2215.0,2231.0,2217.0,2198.0,2133.0,2081.0,2057.0,2014.0,2001.0,1945.0,1933.0,1883.0
4792034000,춘양면,7030.0,6901.0,6709.0,6393.0,6104.0,5943.0,5801.0,5479.0,5360.0,5154.0,5094.0,5019.0,5003.0,5059.0,4918.0,4892.0,4813.0,4810.0,4745.0,4625.0,4592.0,4532.0,4492.0,4433.0,4350.0,4323.0,4286.0,4170.0
4792035000,소천면,3335.0,3348.0,3214.0,3067.0,2919.0,2814.0,2860.0,2639.0,2556.0,2519.0,2454.0,2441.0,2418.0,2471.0,2462.0,2451.0,2417.0,2421.0,2406.0,2365.0,2340.0,2317.0,2261.0,2224.0,2179.0,2113.0,2110.0,2076.0
4792036000,재산면,2329.0,2294.0,2231.0,2132.0,2007.0,1942.0,1895.0,1774.0,1733.0,1692.0,1699.0,1675.0,1683.0,1723.0,1692.0,1697.0,1689.0,1715.0,1685.0,1661.0,1644.0,1640.0,1578.0,1522.0,1496.0,1430.0,1401.0,1404.0
4792037000,명호면,3294.0,3272.0,3190.0,3004.0,2881.0,2755.0,2658.0,2574.0,2495.0,2428.0,2414.0,2363.0,2343.0,2350.0,2343.0,2328.0,2304.0,2368.0,2347.0,2352.0,2329.0,2303.0,2277.0,2254.0,2213.0,2198.0,2147.0,2095.0
4792038000,상운면,2977.0,2864.0,2690.0,2596.0,2469.0,2370.0,2411.0,2201.0,2123.0,2070.0,2026.0,1966.0,1976.0,1971.0,1965.0,1901.0,1870.0,1908.0,1880.0,1891.0,1862.0,1814.0,1771.0,1754.0,1691.0,1676.0,1647.0,1642.0
4792039000,석포면,2908.0,2940.0,2831.0,2739.0,2651.0,2476.0,2377.0,2263.0,2194.0,2144.0,2135.0,2103.0,2049.0,2092.0,2027.0,2035.0,2149.0,2199.0,2221.0,2223.0,2215.0,2163.0,2088.0,2029.0,1995.0,1907.0,1858.0,1768.0
4793025000,울진읍,14305.0,14423.0,14311.0,14255.0,14329.0,14113.0,13827.0,13545.0,13373.0,13469.0,13555.0,13426.0,13819.0,13920.0,14036.0,14114.0,14217.0,14734.0,14580.0,14576.0,14562.0,14571.0,14240.0,14051.0,13878.0,13621.0,13575.0,13374.0
4793025300,평해읍,5028.0,4922.0,4745.0,4633.0,4493.0,4306.0,4198.0,4079.0,4012.0,3798.0,3705.0,3546.0,3511.0,3439.0,3419.0,3326.0,3239.0,3301.0,3287.0,3198.0,3128.0,3048.0,2942.0,2869.0,2721.0,2618.0,2529.0,2488.0
4793031000,북면,9357.0,8938.0,9048.0,9554.0,9876.0,9549.0,9046.0,8595.0,8088.0,7778.0,7490.0,7448.0,6556.0,6570.0,7234.0,6424.0,6402.0,6254.0,6494.0,6645.0,6454.0,6192.0,6587.0,6691.0,6681.0,6797.0,6906.0,6895.0
4793031100,북면하당출장소,,,,,,,,,,,,,761.0,731.0,,,,,,,,,,,,,,
4793031500,북면하당출장소,,,,,,,,,,,,,,,,706.0,717.0,712.0,720.0,717.0,711.0,708.0,719.0,708.0,679.0,673.0,645.0,636.0
4793033000,근남면,4421.0,4361.0,4204.0,4048.0,3991.0,3863.0,3718.0,3529.0,3408.0,3262.0,3144.0,3118.0,2980.0,3020.0,2960.0,2912.0,2959.0,2905.0,2892.0,2829.0,2796.0,2788.0,2779.0,2768.0,2740.0,2728.0,2713.0,2697.0
4793035000,기성면,4581.0,4492.0,4337.0,4158.0,3997.0,3858.0,3668.0,3539.0,3440.0,3329.0,3214.0,3097.0,3004.0,2984.0,2891.0,2905.0,2879.0,2854.0,2737.0,2754.0,2681.0,2635.0,2632.0,2548.0,2482.0,2367.0,2370.0,2318.0
4793036000,온정면,3472.0,3425.0,3265.0,3145.0,3016.0,2936.0,2787.0,2669.0,2555.0,2416.0,2338.0,2251.0,2199.0,2137.0,2096.0,2046.0,2009.0,1963.0,1921.0,1891.0,1867.0,1831.0,1781.0,1753.0,1693.0,1618.0,1583.0,1547.0
4793037000,죽변면,9755.0,9597.0,9458.0,9356.0,9421.0,9044.0,8685.0,8132.0,7724.0,7341.0,7183.0,7054.0,6893.0,6946.0,6995.0,7109.0,7458.0,7433.0,7446.0,7439.0,7204.0,7008.0,6659.0,6490.0,6287.0,6151.0,6110.0,6079.0
4793038000,후포면,11625.0,11724.0,11617.0,11157.0,10902.0,10453.0,10020.0,9659.0,9451.0,9160.0,8914.0,8787.0,8588.0,8512.0,8354.0,8310.0,8172.0,8098.0,8037.0,8016.0,7990.0,7808.0,7619.0,7546.0,7410.0,7267.0,7099.0,6980.0
4793039000,금강송면,2760.0,2706.0,2636.0,2511.0,2388.0,2197.0,2039.0,1948.0,1862.0,1779.0,1733.0,1671.0,1672.0,1630.0,1576.0,1566.0,1531.0,1495.0,1464.0,1437.0,1399.0,1350.0,1293.0,1270.0,1280.0,1227.0,1219.0,1191.0
4793040000,매화면,3841.0,3754.0,3638.0,3481.0,3275.0,3192.0,3043.0,2895.0,2794.0,2744.0,2679.0,2644.0,2546.0,2541.0,2484.0,2426.0,2370.0,2355.0,2307.0,2236.0,2182.0,2097.0,2063.0,2022.0,2007.0,1963.0,1920.0,1919.0
