canon_code,canon_name,Y1997,Y1998,Y1999,Y2000,Y2001,Y2002,Y2003,Y2004,Y2005,Y2006,Y2007,Y2008,Y2009,Y2010,Y2011,Y2012,Y2013,Y2014,Y2015,Y2016,Y2017,Y2018,Y2019,Y2020,Y2021,Y2022,Y2023,Y2024
2772025000,군위읍,9787,9737,9881,10058,10104,10000,9149,9006,8602,8389,8178,8020,7931,7957,7857,7905,8063,8193,8428,8387,8433,8447,8413,8193,8161,8275,8069,7803
2772031000,소보면,3404,3395,3412,3428,3539,3236,3150,3174,3122,2900,2716,2698,2643,2607,2528,2481,2476,2458,2395,2438,2402,2328,2307,2317,2253,2296,2317,2264
2772032000,효령면,4971,4850,4939,5075,5482,4969,4736,4706,4516,4362,4248,4211,4192,4158,4102,4049,3992,3981,3962,3987,3966,3874,3837,3768,3753,3821,3750,3657
2772033000,부계면,2941,2863,2929,2939,3085,2780,2630,2472,2455,2377,2288,2293,2232,2149,2080,2058,2063,2056,2046,2034,1982,1989,2042,2042,2011,2093,2094,2076
2772034000,우보면,2911,2825,2855,2868,2974,2900,2687,2501,2414,2289,2248,2207,2221,2213,2181,2176,2173,2139,2067,2106,2220,2150,2134,2007,1933,1971,1939,1917
2772035000,의흥면,3828,3730,3641,3820,4107,3512,3327,3270,3145,3073,2990,2906,2876,2816,2809,2802,2780,2725,2648,2623,2610,2502,2495,2385,2356,2365,2317,2257
2772036000,산성면,2012,1947,1980,2066,2225,1956,1748,1617,1564,1509,1465,1432,1393,1393,1329,1302,1298,1312,1262,1258,1275,1269,1250,1189,1182,1211,1188,1194
2772037000,삼국유사면,2209,2143,2209,2383,2539,2301,2335,2079,1891,1788,1648,1542,1478,1443,1382,1346,1327,1306,1318,1338,1327,1360,1365,1355,1296,1308,1314,1295
4374025000,영동읍,22661,22717,22847,22550,22263,22248,21835,21530,21267,20885,20600,21031,21218,21324,21653,21901,21876,22170,22293,22368,22256,22208,21746,20911,20163,19729,19449,19245
4374031000,용산면,4891,4840,4719,4597,4440,4195,4083,3943,3881,3823,3766,3715,3664,3714,3722,3670,3598,3655,3548,3530,3499,3451,3394,3298,3228,3286,3246,3204
4374032000,황간면,6282,6221,6149,5964,5760,5509,5280,5165,5055,4956,4801,4774,4746,4692,4693,4790,4765,4735,4735,4669,4646,4520,4424,4376,4208,4053,3986,3906
4374033500,추풍령면,3402,3369,3309,3178,3105,3038,2908,2820,2759,2690,2653,2614,2577,2597,2579,2515,2594,2568,2507,2481,2453,2400,2322,2300,2227,2230,2168,2137
4374034000,매곡면,2722,2640,2610,2529,2420,2333,2285,2206,2167,2144,2157,2143,2150,2112,2107,2131,2102,2101,2043,2083,2053,2022,1973,1943,1893,1874,1837,1796
4374035000,상촌면,3235,3178,3067,2980,2931,2819,2669,2606,2607,2547,2494,2425,2442,2494,2510,2470,2439,2473,2488,2478,2488,2431,2430,2388,2289,2232,2165,2141
4374036000,양강면,4554,4588,4526,4424,4185,4052,3922,3716,3656,3617,3616,3686,3714,3670,3548,3485,3463,3418,3451,3390,3324,3373,3319,3249,3119,3077,3001,2946
4374037000,용화면,1233,1250,1191,1125,1106,1072,1061,1020,989,980,989,981,1011,1019,1057,1054,1047,1053,1061,1058,1069,1010,988,1014,973,958,948,914
4374038000,학산면,4575,4480,4308,4135,3995,3826,3612,3434,3319,3274,3216,3127,3130,3151,3077,3031,3032,3003,2970,2967,2977,2941,2865,2852,2739,2685,2659,2591
4374039000,양산면,2834,2881,2768,2682,2623,2495,2357,2259,2241,2187,2153,2132,2113,2117,2079,2066,2092,2100,2058,2012,1981,1935,1895,1872,1799,1784,1758,1732
4374040000,심천면,4816,4726,4600,4463,4356,4165,4024,3898,3859,3716,3686,3648,3661,3633,3596,3550,3531,3527,3539,3516,3494,3424,3382,3272,3135,3048,2978,2939
4711125000,구룡포읍,16000,15509,15040,14542,14515,13914,13509,13052,12558,12093,11618,11232,10741,10552,10164,9838,9607,9264,8900,8670,8400,8177,7885,7568,7335,7083,6827,6629
4711125300,연일읍,23682,26605,29938,31255,32223,32363,32400,32455,32081,31976,32944,34083,34372,34722,35329,35209,34871,34520,34246,33859,33375,32478,31611,30633,30278,29834,29134,28096
4711125600,오천읍,39152,38902,39074,39369,39973,41945,41970,41486,41462,41441,42801,43648,45065,48116,49116,50084,50805,52864,53743,55954,56811,56115,55622,54839,56185,55864,57679,57405
4711131000,대송면,9401,9154,8884,8487,8040,7741,7409,7155,6914,6617,6335,6040,5726,5556,5277,5046,4868,4657,4436,4207,4041,3820,3638,3500,3396,3326,3220,3102
4711132000,동해면,16572,16235,15751,15460,15076,14679,14534,14217,14057,13879,13493,13008,12536,12209,11878,11512,11029,10517,10150,9876,9569,9947,9967,9908,9763,9695,9503,9234
4711133000,장기면,8256,8005,7801,7411,7050,6812,6547,6390,6092,5962,5783,5699,5523,5408,5348,5226,5051,4924,4746,4579,4522,4369,4239,4117,4038,3955,3861,3737
4711135000,호미곶면,3862,3704,3591,3489,3352,3254,3153,3078,2977,2826,2784,2665,2637,2551,2477,2403,2353,2242,2215,2139,2100,2038,1968,1887,1871,1790,1718,1689
4711152500,상대동,41929,40478,38715,36913,35802,34464,33866,33023,32667,31974,31307,30760,30078,29672,28867,28331,28239,27934,28686,27988,27417,26347,25632,24820,24717,24404,23954,22943
4711154500,해도동,36352,34942,33223,31773,30832,29746,29133,28339,28069,27277,26327,25842,25217,24082,22880,22072,21512,20768,20302,19895,19318,18534,17883,17256,17140,16893,16537,15994
4711155000,송도동,26758,25812,24810,23751,23047,22120,21677,21113,20783,19864,19985,19537,19160,18651,18088,17477,16757,16158,15486,14909,14391,13703,13037,12507,12172,11929,11608,11214
4711156000,청림동,11523,11315,11123,10592,10047,9513,9226,8986,8721,8474,8308,8038,7654,7373,7098,6823,6721,6473,6273,5928,5661,5336,4929,4694,4736,4630,4822,4654
4711157000,제철동,5446,5219,4698,4541,4077,4132,3981,3886,3881,3873,3818,3631,3715,3470,3438,3441,3404,3242,3365,3266,3297,3186,3070,2839,3007,2797,2593,2313
4711158000,효곡동,19288,21972,24745,25153,26892,26680,26438,26306,26133,25690,27460,29332,29657,30333,30700,31990,32348,32076,31999,32046,31960,31247,31017,30440,30598,30182,29941,29450
4711159000,대이동,6673,6559,6329,11276,12751,13230,15394,16122,19471,20273,20488,20256,20503,21593,21896,21982,22144,22010,21898,21432,21607,24103,25135,25414,25565,25104,24881,24153
4711325000,흥해읍,35121,34862,36350,36790,37449,36973,36877,37315,37138,36659,36594,36713,36930,36880,36260,35590,34974,34301,34133,34505,33845,34351,40222,40604,40958,40382,40732,53661
4711331000,신광면,4743,4592,4399,4224,4084,3961,3775,3709,3658,3532,3479,3410,3350,3277,3206,3075,3070,3025,3026,2974,2978,2925,2884,2873,2928,2882,2836,2746
4711332000,청하면,8487,8396,8073,7766,7506,7226,7026,6776,6516,6364,6234,6089,5904,5882,5737,5540,5408,5313,5314,5275,5190,5021,4909,4827,4760,4665,4570,4440
4711333000,송라면,4302,4213,4040,3944,3880,3762,3706,3576,3527,3479,3352,3250,3150,3076,3009,2949,2907,2846,2815,2771,2717,2682,2625,2490,2499,2461,2415,2324
4711334000,기계면,7876,7758,7520,7263,6964,6751,6578,6371,6206,6089,5969,5894,5727,5680,5570,5518,5516,5446,5368,5298,5243,5207,5113,4920,4968,4981,4894,4767
4711335000,죽장면,4060,4011,3925,3747,3600,3479,3345,3257,3229,3195,3066,2974,2986,2948,2874,2859,2874,2898,2912,2895,2890,2863,2774,2719,2749,2752,2684,2643
4711336000,기북면,2025,1963,1900,1831,1748,1679,1629,1561,1523,1490,1436,1417,1405,1384,1347,1296,1288,1322,1314,1332,1336,1328,1305,1290,1310,1309,1299,1292
4711352000,중앙동,27629,27002,25848,27034,26136,24994,24495,23643,23232,22532,22051,21132,20350,19901,19155,18796,18264,17728,17323,17071,16611,16846,16415,15743,15484,14924,14603,13874
4711363000,양학동,13349,15410,17330,21128,22240,22971,23613,23363,23450,23011,22480,21770,21322,20935,20422,20021,19629,20017,19625,19443,19220,18328,17776,17199,16808,16342,16953,16547
4711365500,죽도동,32279,31213,29813,28460,27539,27166,26636,25999,25697,25052,24485,23839,23159,23100,22663,22445,21963,21737,21726,21478,21532,20716,20160,19707,19951,19785,19472,18760
4711366500,용흥동,32659,33629,33151,32903,32584,31931,31500,30765,30476,29659,29114,28192,27741,27110,26300,25932,25332,24708,25268,25239,24766,23980,23117,22295,21936,21651,21088,19981
4711368000,우창동,28041,27554,26999,26699,27653,26884,26701,27793,27673,27154,26829,26863,28020,27682,28605,28344,29172,28987,28175,27916,27423,31809,32337,32339,33437,33084,32867,31644
4711369000,두호동,21075,20877,21751,21450,21302,24718,24860,26191,28443,28925,29006,27919,27573,27155,26527,26164,25689,25253,24757,23401,22659,21797,21122,23189,23048,22551,22152,21360
4711370000,장량동,18347,19539,22515,22769,22866,23124,23623,26160,25136,24969,25432,32537,36911,43315,51015,57223,62031,66591,70123,71350,74226,72526,70741,72758,72666,72065,71053,68177
4711371000,환여동,6788,6571,6054,5957,5811,5455,5249,5042,5282,10679,12577,12349,12363,12142,11842,11727,11641,11547,11260,11079,10727,10234,9892,9541,9549,9330,9137,8752
4713025000,감포읍,9190,8949,8678,8397,8099,7795,7517,7399,7309,7200,7029,6883,6872,6808,6619,6438,6306,6174,6013,5922,5828,5722,5624,5501,5391,5347,5253,5163
4713025300,안강읍,38104,38425,38504,38403,38066,37020,36135,35114,34611,33950,33531,33080,32356,31655,30949,30478,30132,29756,28866,28355,27672,26696,25878,25017,24083,23568,23199,22506
4713025600,건천읍,13235,12985,12688,12705,12451,12057,11611,11255,11157,11004,10895,10662,10650,11341,11300,11162,11022,10863,10663,10529,10485,10035,9688,9502,9233,9133,9001,10138
4713025900,외동읍,20769,20441,20048,19823,19342,18838,18459,18112,17659,17472,17322,17059,16865,16671,16398,16342,16707,16782,16647,16688,16541,17899,18649,20431,22159,22179,21850,21567
4713031500,문무대왕면,5942,5620,5421,5202,4982,4757,4524,4456,4521,4526,4489,4482,4500,4420,4287,4213,4119,3979,4472,4785,4423,4535,4446,4327,4214,4097,4157,4066
4713032000,양남면,8178,7656,7345,7047,6911,6888,6710,6860,7028,7071,7070,6887,7067,7101,6942,6760,6883,6883,6582,6596,6580,6567,6383,6322,6277,6324,6381,6369
4713033000,내남면,7045,6973,6827,6663,6538,6343,6088,6037,6112,5919,5855,5810,5665,5645,5554,5403,5286,5193,5136,5195,5106,4996,4877,4712,4684,4577,4534,4434
4713034000,산내면,4472,4356,4271,4182,4027,3906,3760,3678,3662,3586,3517,3461,3392,3401,3346,3353,3360,3306,3323,3372,3330,3314,3272,3268,3230,3225,3218,3173
4713035000,서면,5339,5255,5082,4861,4688,4552,4376,4239,4141,4090,3977,3931,3952,3883,3805,3741,3698,3656,3661,3629,3559,3438,3329,3219,3116,3084,3031,2978
4713036000,현곡면,7991,8904,10080,10858,10976,11139,11167,11532,11721,13565,16733,16881,16790,16639,16547,16539,16418,16196,16196,16018,15813,17930,21527,21947,21699,21588,21282,21874
4713037000,강동면,8306,8169,9232,9319,9189,9184,8971,8961,8623,8461,8359,8282,7917,7745,7648,7526,7424,7225,7173,7032,6951,6777,6535,6323,6078,6012,6056,5925
4713038000,천북면,7084,6969,6800,6665,6565,6311,6167,6063,6005,5959,6002,5927,5788,5799,5692,5539,5409,5447,5248,5110,4968,5336,5485,5730,5677,5747,5707,5532
4713051500,중부동,9005,8491,8661,8728,8506,8164,7868,7510,7370,7186,6952,6894,6838,6801,6587,6399,6214,6254,6314,6309,6156,5843,5548,5308,5096,4905,4712,4585
4713053000,황오동,14794,14140,13669,13242,12586,12418,11958,11422,10922,10678,10184,9918,9553,9237,8945,8646,8354,8228,8045,7796,7489,7204,6863,6567,6307,6039,5866,5666
4713055000,성건동,22135,21844,21317,20805,20445,19794,19488,19049,18759,18524,18253,18219,18158,17960,17648,17536,17526,17519,17320,17017,16372,15442,14525,14047,13647,13729,13481,12947
4713057000,황남동,13278,12852,12335,12023,11555,11025,10580,10019,9729,9345,8822,8691,8315,7948,7672,7322,7056,6730,6561,6288,5995,5469,5183,4779,4485,4258,4034,3815
4713059000,선도동,10894,11340,11443,11471,12108,12417,12725,13083,13591,13669,13515,13587,13586,13936,14549,15010,15104,15195,15890,16064,15728,15406,15102,14914,14685,14648,14444,14145
4713060500,월성동,9171,8166,7977,7742,7507,7149,6957,6913,6736,6604,6484,6269,6089,6242,7130,7179,6805,6780,6753,6571,6475,6249,6092,5925,5836,5713,5610,5445
4713061500,용강동,14685,14624,14724,14762,15121,15808,16166,16586,16629,16349,15886,15686,16004,16212,16411,17337,18544,18678,18625,18401,21619,21900,21632,22521,24072,23988,25457,25228
4713062100,황성동,27764,29164,30326,30641,30859,31283,31419,31124,30693,30217,29523,29140,29791,29650,29426,29253,28994,28989,28847,30557,29454,29816,29665,28837,28310,27940,27456,27197
4713063000,동천동,22128,24042,24308,24889,25674,26349,27010,27126,27019,26876,26636,26507,26122,26737,26909,26749,26720,26590,26302,26053,25258,24279,23397,22753,22161,21904,21346,20630
4713065000,불국동,8751,9290,9219,9167,8871,9006,9212,9066,8862,8934,8930,8893,9002,9092,8998,9042,9052,9001,9055,9143,10162,10129,9860,9771,9725,9919,9732,9744
4713066000,보덕동,2886,2759,2659,2554,2440,2386,2309,2266,2228,2234,2242,2194,2194,2175,2126,2124,2150,2111,2081,2022,1939,1882,1842,1781,1724,1683,1682,1642
4715025000,아포읍,8574,8468,8196,7972,7989,7579,7615,7836,8895,8921,9015,9023,8736,8612,8617,8573,8563,8489,8441,8017,7826,7535,7309,7131,7800,7919,7711,7563
4715032000,남면,4701,4652,4581,4420,4419,4205,4255,4117,4080,4057,4070,4005,3639,3694,3691,3600,4069,3550,3595,3499,3441,3370,3249,3128,3078,3050,2977,2916
4715034000,개령면,3820,3736,3697,3612,3608,3394,3454,3237,3149,3075,3011,3002,2951,2971,2995,2991,2969,2884,2838,2747,2732,2628,2609,2478,2407,2383,2297,2218
4715035000,감문면,5555,5519,5332,5119,5115,4791,4798,4434,4321,4217,4146,4093,3980,3899,3917,3908,3875,3781,3791,3688,3644,3496,3435,3305,3258,3239,3176,3099
4715036000,어모면,6081,6027,5910,5884,6067,5862,6025,5696,5582,5383,5369,5354,5180,5063,5106,5073,4984,4892,4860,4642,4497,4344,4219,4062,4013,4062,4028,3997
4715037000,봉산면,4650,4553,4543,4376,4582,4215,4207,3914,3827,3743,3658,3692,3630,3689,3699,3678,3615,3637,3670,3527,3467,3372,3306,3196,3065,2975,2918,2851
4715038000,대항면,5165,5091,5078,4980,5035,4728,4761,4527,4479,4390,4386,4328,4292,4247,4252,4242,4223,4157,4042,3917,3836,3714,3600,3469,3407,3374,3302,3177
4715039000,감천면,2968,2923,2886,2823,2832,2658,2662,2488,2418,2365,2342,2370,2309,2325,2327,2280,2287,2252,2230,2164,2119,2035,2017,1942,1936,1892,1815,1784
4715040000,조마면,3595,3535,3397,3282,3239,3058,3087,2898,2808,2756,2753,2755,2724,2670,2680,2620,2623,2597,2562,2433,2423,2325,2296,2237,2178,2189,2145,2074
4715041000,구성면,4855,4722,4593,4468,4438,4117,4152,3779,3666,3557,3456,3453,3361,3407,3398,3287,3286,3244,3211,3106,3033,2956,2913,2835,2755,2712,2684,2613
4715042000,지례면,2925,2783,2685,2597,2553,2392,2398,2190,2042,2002,2005,1941,1920,1944,1961,1940,1872,1835,1851,1790,1736,1679,1626,1576,1531,1492,1443,1379
4715043000,부항면,2434,2341,2217,2121,2163,2159,2282,2314,2270,2153,1658,1437,1402,1391,1411,1373,1419,1344,1354,1358,1368,1324,1317,1260,1236,1230,1227,1212
4715044000,대덕면,3456,3371,3271,3193,3235,3023,3318,2987,2903,2753,2684,2592,2526,2482,2495,2460,2449,2413,2420,2381,2268,2162,2198,2294,2263,2250,2203,2144
4715045000,증산면,1706,1683,1629,1570,1587,1514,1515,1433,1381,1331,1287,1289,1273,1242,1249,1249,1269,1256,1260,1189,1141,1103,1084,1036,1033,1005,972,955
4715051600,자산동,9006,8804,8358,8109,8063,7525,7504,7048,6820,6491,6221,9913,9640,9478,9437,9295,8990,8793,8488,8072,7737,7390,6990,6748,6551,6349,6181,5922
4715053600,평화남산동,21863,21314,20097,19658,19561,18304,18176,16938,16294,15664,15104,11260,10988,10913,10876,10580,10377,10403,9873,9299,8878,8558,7985,7641,7466,7329,7131,6939
4715056500,양금동,8638,8458,7969,7787,7739,7232,7188,6710,6552,6315,6153,5955,5774,5668,5647,5501,5229,5004,4960,4677,4510,4305,4116,3961,3816,3712,3650,3460
4715057500,대신동,18689,19047,19782,19739,19986,21219,23186,22794,22535,23660,24430,24551,25110,25750,25711,25685,25847,25996,25873,24959,24816,24186,24688,25224,25354,24895,24456,23672
4715059500,대곡동,19003,20509,23762,24591,24933,25636,26254,25380,24802,24221,23690,23406,22949,23028,23021,22990,22919,22609,21583,20798,20317,19598,20528,20434,20150,19987,19631,20356
4715061000,지좌동,8425,8345,9329,9520,9692,9266,9537,9116,9270,9133,10257,10323,10293,10353,10348,10834,11036,11036,10681,10362,10307,10719,10896,11061,10972,10861,10830,10568
4715064000,율곡동,4257,4263,4147,4043,4022,3789,3932,3691,3538,3495,3389,3314,3241,3310,3347,3345,3358,5284,12549,19631,22812,24305,24848,25530,25970,26419,26738,26547
4717025000,풍산읍,10692,10444,10041,9630,9163,8860,8501,8322,8130,7860,7736,7587,7497,7441,7339,7357,7374,7380,7166,7116,6980,6739,6588,6390,6378,6285,6077,7647
4717031000,와룡면,5983,5812,5700,5563,5395,5145,4931,4886,4804,4731,4681,4586,4539,4554,4561,4585,4572,4581,4543,4513,4464,4286,4219,4114,3981,3907,3882,3737
4717032000,북후면,5126,5000,4835,4624,4483,4338,4223,4114,4029,3974,3925,3784,3706,3730,3683,3636,3610,3586,3484,3415,3318,3171,3118,3022,2936,2859,2790,2760
4717033000,서후면,4649,4626,4549,4422,4287,4302,4441,4201,4127,4160,4248,4074,4028,3978,3971,4013,4070,4025,3928,3914,3873,3820,3723,3555,3473,3490,3464,3658
4717034000,풍천면,6708,6539,6305,6015,5865,5628,5423,5267,5103,4978,4805,4916,4970,4914,4760,4576,4258,4206,4103,4657,4825,5068,5193,6702,7012,7097,7174,7244
4717035000,일직면,4929,4890,4746,4591,4395,4255,4091,3999,3856,3781,3693,3579,3509,3445,3422,3338,3315,3261,3172,3125,3062,2978,2925,2777,2672,2616,2478,2415
4717036000,남후면,3079,3010,2859,2803,2708,2614,2501,2403,2322,2316,2307,2271,2198,2170,2184,2119,2137,2046,2031,2019,2003,1929,1864,1786,1717,1657,1627,1608
4717037000,남선면,3480,3447,3306,3203,3134,3031,2917,2789,2779,2697,2652,2614,2615,2562,2573,2527,2508,2459,2350,2353,2320,2244,2160,2122,2080,2038,1996,1967
4717038000,임하면,4586,4487,4396,4261,4106,3940,3863,3838,3773,3713,3765,3599,3522,3418,3426,3430,3388,3376,3314,3293,3211,3125,3007,2884,2797,2724,2645,2566
4717039000,길안면,4935,4783,4609,4451,4274,4110,3951,3804,3693,3570,3489,3432,3406,3335,3291,3236,3197,3138,3092,3029,3004,2928,2798,2721,2691,2633,2578,2559
4717040000,임동면,3208,3145,3109,2924,2800,2659,2601,2549,2526,2443,2389,2285,2214,2225,2147,2099,2113,2136,2035,2016,1951,1870,1818,1773,1710,1673,1655,1609
4717041000,예안면,3215,3102,2956,2813,2728,2632,2511,2475,2410,2305,2244,2163,2132,2104,2104,2096,2104,2104,2099,2071,2016,1963,1925,1875,1823,1751,1712,1652
4717042000,도산면,3174,3023,2937,2802,2692,2556,2440,2362,2269,2210,2197,2094,2057,2036,2013,1975,1957,1909,1885,1894,1824,1743,1694,1635,1580,1515,1446,1405
4717043000,녹전면,3179,2995,2892,2748,2629,2512,2397,2333,2262,2195,2120,2055,2077,2084,2030,2035,2021,2054,2024,1930,1894,1884,1805,1771,1724,1681,1633,1601
4717051000,중구동,9906,9582,9164,8630,8075,7608,7350,7006,6674,6472,6441,6196,6155,5870,5753,5622,5560,5408,5188,4976,5372,5284,5207,5068,5085,4973,4826,4768
4717052000,명륜동,8667,8333,8083,7773,7494,7711,7580,7340,7129,7042,6931,6720,6590,6483,6326,6191,6161,6000,5792,5779,5598,5290,5207,5056,4917,4880,4674,4575
4717055500,용상동,24645,26368,27556,27498,26791,26035,25347,24630,24046,23572,23448,22776,22413,22095,22902,23600,23667,23785,23453,23376,22596,22290,22301,22309,22003,21883,22944,24163
4717060000,태화동,20250,19595,19388,18735,18044,17283,16921,16167,15828,15549,15298,14733,15099,14647,14358,14137,14129,14546,14134,13999,14603,13952,13707,13368,13026,12653,12359,11964
4717062000,평화동,10426,10171,9913,9611,10003,9925,9814,9339,9210,9045,8911,8572,8424,8219,8056,8079,8019,7625,7353,7225,6965,6659,6613,6322,6280,6125,5963,5752
4717063000,안기동,10426,10470,10433,10473,10151,9743,9435,9179,9053,8942,8852,8575,8389,8121,8021,7901,7962,7517,7227,7171,7028,6584,6474,6271,6168,6103,5969,5792
4717065000,옥동,9495,11051,12524,13343,13768,15444,15647,15466,15433,15344,16140,20024,20110,21212,22011,22337,22602,23637,24730,24620,23867,22888,22535,21809,21296,21022,20587,19911
4717066000,송하동,10901,10534,10327,12107,12591,12462,12356,12275,11838,11835,11741,11326,12530,14157,14370,14569,14865,15441,15268,15411,15062,15823,15795,16018,16142,15798,15614,15181
4717069000,강남동,16817,16108,15560,14883,16262,16533,16436,19293,20093,19999,19903,19339,19252,19086,18856,18844,18872,18477,20850,20896,20436,19662,19376,19559,19481,19247,18842,18625
4719025000,선산읍,20799,20522,19966,20211,20021,19443,19107,18684,17966,17769,17387,16898,16382,16132,15652,15362,15118,14884,14751,15546,15570,15252,15409,15001,14623,14319,13996,13557
4719025300,고아읍,32593,34292,34542,34661,34612,33977,33257,32991,32272,31852,31551,31031,31635,32608,33503,33538,33265,33294,33323,34120,36072,38389,37249,36487,38162,38419,37953,39055
4719025600,산동읍,4513,4508,4360,4206,4022,3880,3813,3834,3784,3870,4150,4329,4598,4350,3940,3792,3747,3733,3700,4438,14613,17756,25032,26619,26902,27106,26877,30662
4719031000,무을면,3265,3241,3174,3041,2879,2787,2713,2666,2585,2532,2447,2375,2361,2325,2231,2194,2186,2139,2096,2073,2036,1982,1915,1873,1829,1808,1796,1770
4719032000,옥성면,2802,2742,2692,2588,2493,2378,2316,2302,2255,2186,2140,2160,2119,2126,2037,2056,2023,1986,1954,1944,1918,1875,1774,1729,1687,1671,1651,1617
4719033000,도개면,3786,3757,3575,3460,3342,3223,3150,3099,3001,2958,2861,2820,2790,2690,2626,2574,2561,2491,2410,2427,2344,2292,2314,2225,2167,2130,2085,2032
4719034000,해평면,7348,7160,6894,6709,6428,6270,6156,6000,5890,5841,5750,6027,5989,5857,5680,5583,5426,5306,5128,4929,4703,4499,4293,4133,3997,3907,3758,3655
4719036000,장천면,4551,4628,4516,4406,4203,4079,4110,4056,4041,4019,3956,3893,3860,3825,3768,3722,3724,3684,3592,3519,3446,3430,3280,3183,3037,2892,2840,2781
4719051000,송정동,23253,23813,23302,22893,22587,22447,22439,22537,22597,22329,21446,21229,20315,20281,19839,19742,19619,19509,18827,17935,17148,16909,16406,24429,24087,23502,23061,23372
4719053500,원평동,14640,14363,13885,13588,13065,12850,12403,12109,11850,11503,11165,10701,10188,9976,9784,9534,9541,9507,9478,9263,8815,8027,7429,6994,6276,5984,7521,9526
4719055100,도량동,32384,32630,31633,31485,31124,30926,30529,32886,32519,34353,35031,35255,34182,33818,33369,33209,33029,32526,31409,30378,29636,28742,30699,30006,29123,28366,27760,26938
4719055500,지산동,5578,5477,5255,5076,5021,4736,4649,4398,4219,4090,3925,3699,3461,3291,3169,3068,3032,2987,2910,2823,2684,2463,2326,2239,2151,2046,1934,1860
4719056500,선주원남동,15519,16641,19692,19973,19927,19869,21028,21219,27523,29813,36319,38904,41089,43750,44323,45642,46615,47077,47930,50492,49583,48998,47886,39544,38893,38757,38023,36752
4719058200,형곡1동,17281,17769,17386,17477,17521,17734,17971,18110,18244,18106,17656,17499,16962,16887,16647,16524,16340,15762,15372,14890,15598,15771,15385,14681,14174,13721,13195,12721
4719058300,형곡2동,22936,23441,23360,23455,24228,24717,24633,24734,24777,24728,23879,23768,23359,23159,22705,22527,22257,21988,21442,20683,19309,18625,17938,17039,16583,16388,15994,15266
4719059000,신평1동,8172,8136,7841,7539,7112,6362,5851,5633,5648,5680,5322,5014,5130,5398,4707,4839,4965,4849,4405,3859,3524,3507,3400,3307,3254,3623,4562,4606
4719060000,신평2동,4982,5017,4803,4546,4332,4214,4074,3891,3978,4016,3922,3793,3668,3628,3418,3374,3344,3208,2498,2422,3190,3500,3343,3262,3104,3037,2990,2946
4719061000,비산동,4712,5437,5589,5527,5495,5342,5075,5018,4940,4884,4798,4643,4636,4656,4703,4686,4797,4866,4814,4964,6424,6586,6356,6325,13141,12946,12874,12350
4719063000,광평동,5645,5647,5206,4912,4485,4133,4040,3695,3291,3204,3137,3016,3407,3660,4470,4695,4804,4973,5065,4991,4771,4664,4556,4386,4279,4266,4146,4071
4719064500,상모사곡동,8792,8606,12222,12252,14541,18504,20406,24239,26646,28318,29087,29762,29585,29911,29857,30100,30517,30989,31359,32168,31031,30378,29468,31015,30997,30441,30187,29348
4719066000,임오동,11043,11492,11991,12524,13216,14355,15129,15467,15793,16122,16182,16112,17433,17625,18257,18244,18380,18747,21165,21153,20750,20476,19913,19003,18772,18466,18108,17368
4719067000,인동동,27159,27321,27796,28837,33654,37606,44419,49135,50676,52607,53143,53264,51817,54353,55118,55474,56268,57725,57617,56161,53402,51691,49615,48598,48057,47515,47051,46012
4719068000,진미동,6221,7857,9287,9268,9865,12299,12779,14308,15504,20093,22127,22170,21855,21814,21823,22271,22840,22688,21308,19342,18108,17487,16343,16329,16609,16857,16917,16352
4719069000,양포동,12437,13930,18868,22079,23520,23205,22963,23118,23795,25466,25484,27343,32589,36273,41156,42764,43914,44607,46465,49190,46368,47391,46178,46475,46262,45637,46000,46194
4719070000,공단동,21052,20232,17652,16201,16466,14675,12619,11552,10820,10126,9032,8254,7009,6527,10664,11435,11116,10795,10897,10181,10756,10804,11235,11446,4415,4306,4227,4009
4721025000,풍기읍,17376,17123,16728,16093,15603,14980,14307,13907,13523,13135,12865,12636,12543,12613,12444,12451,12529,12005,11851,11555,11211,10929,10767,10640,10485,10306,10515,10413
4721031000,이산면,3888,3752,3651,3552,3529,3429,3410,3357,3227,3193,3163,3150,3254,3271,3134,2986,2891,2822,2831,2711,2665,2554,2472,2370,2295,2216,2193,2183
4721032000,평은면,2914,2881,2818,2742,2711,2624,2609,2568,2494,2398,2327,2277,2574,2497,2178,1953,1747,1605,1561,1546,1525,1507,1453,1457,1422,1424,1405,1377
4721033000,문수면,2704,2658,2578,2426,2365,2251,2153,2080,2071,2007,2048,2063,2119,2113,2140,2144,2193,2154,2162,2116,2038,2035,2022,1969,1938,1930,1919,1875
4721034000,장수면,3381,3308,3225,3142,3008,2951,2807,2746,2695,2643,2590,2572,2526,2529,2518,2522,2508,2548,2499,2445,2396,2310,2271,2206,2143,2101,2078,2007
4721035000,안정면,4734,4597,4394,4236,4134,4009,3810,3705,3663,3652,3586,3556,3512,3526,3520,3493,3453,3374,3306,3263,3200,3181,3075,3051,2962,2874,2846,2784
4721036000,봉현면,4100,3977,3811,3744,3655,3556,3406,3294,3209,3166,3160,3113,3101,3210,3269,3230,3174,3164,3118,3027,2964,2962,2871,2739,2700,2624,2566,2527
4721037000,순흥면,3322,3287,3143,3047,2920,2762,2654,2587,2510,2477,2417,2395,2357,2428,2429,2434,2395,2368,2335,2284,2247,2165,2101,2021,1983,1953,1878,1869
4721038000,단산면,3197,3124,3019,2908,2807,2682,2522,2434,2392,2410,2344,2280,2248,2276,2262,2234,2207,2176,2168,2126,2071,2023,1977,1906,1831,1797,1762,1710
4721039000,부석면,5266,5119,4928,4782,4591,4305,4064,3880,3800,3689,3616,3565,3573,3603,3624,3564,3558,3462,3394,3337,3303,3248,3189,3116,2995,2926,2846,2817
4721051000,상망동,3169,8432,8292,8147,8845,9297,8930,8935,8746,8593,9180,9595,9747,9722,9686,9518,9357,9166,9017,8590,8481,8241,8154,7761,7430,7295,7201,7041
4721052500,하망동,13521,8322,8473,8225,7978,7709,8827,8796,8629,8439,8205,7981,8122,8090,8011,7877,7694,7412,7257,6810,6632,6451,6286,6329,6007,5820,5825,5791
4721055000,영주1동,9768,9134,8723,8485,8222,7683,7038,6769,6563,6354,5995,5770,5608,5773,5635,5497,5244,5071,4963,4633,4417,4262,4227,4081,3912,3770,3638,3526
4721056000,영주2동,7069,6880,6748,6632,6503,6283,5847,5640,5473,5337,5193,5065,5035,5098,5028,4927,4700,4453,4324,4030,3946,3830,3690,3569,4915,4744,4617,4549
4721059000,휴천1동,5547,6626,6705,6515,6381,6620,7184,7218,7485,7841,7902,7870,7727,7756,7706,7658,7637,7443,7328,6946,6812,6737,6730,6681,6511,6354,6283,6131
4721060000,휴천2동,14933,14425,14348,13947,13614,13082,12323,12103,11716,11362,11072,10923,10634,10771,10737,10678,10327,9854,9741,9164,8915,8579,8404,8250,9837,9552,9656,9628
4721061000,휴천3동,10672,11995,13113,13099,12718,12418,11778,11560,11406,11226,10773,10665,10466,10409,10226,10110,9796,9473,9279,8789,8555,8457,8283,8033,7599,7421,7283,7154
4721062000,가흥1동,13634,13161,12698,12360,12017,12368,11569,11405,11089,10850,10605,10471,10296,10384,11938,12648,13278,13615,13931,17739,18758,19120,19022,18953,15303,15456,15448,15311
4721063000,가흥2동,6035,5973,6139,7093,7106,7031,8568,8529,8407,8193,8042,7983,7867,7857,7663,7623,7937,8615,8670,8136,8235,8210,8073,7987,9674,10186,10240,10177
4723025000,금호읍,13015,15168,15530,15213,15437,14714,14635,13996,13475,13095,13004,12823,12533,12505,12528,12148,12013,11858,11770,11612,11291,11196,11172,11088,10664,10539,10449,10240
4723031000,청통면,6194,6097,5864,5679,5515,5409,5177,5085,4942,4835,4893,4792,4637,4700,4740,4622,4555,4433,4311,4269,4239,4226,4265,4161,4045,4037,3964,3915
4723032000,신녕면,6433,6317,6137,5919,5720,5477,5280,5110,5008,4919,4958,4775,4673,4642,4648,4485,4339,4255,4156,4076,3986,4047,3978,3919,3753,3683,3662,3581
4723033000,화산면,4821,4702,4559,4437,4282,4122,4050,3968,3863,3761,3780,3685,3664,3672,3755,3535,3443,3400,3295,3277,3243,3371,3308,3296,3209,3117,3058,2984
4723034000,화북면,3276,3166,3105,2997,2868,2750,2607,2524,2459,2489,2474,2451,2551,2550,2417,2273,2211,2162,2126,2151,2097,2243,2209,2213,2179,2164,2216,2192
4723035000,화남면,4227,4100,4057,3863,3696,3560,3442,3342,3297,3233,3261,3268,3325,3288,3298,3283,3285,3273,3251,3257,3195,3119,3127,3138,3239,3206,3182,3161
4723036000,자양면,1471,1448,1376,1329,1279,1253,1206,1173,1177,1145,1165,1170,1161,1188,1256,1229,1206,1236,1205,1178,1157,1190,1194,1230,1203,1242,1324,1308
4723037000,임고면,6030,5793,5595,5355,5177,4945,4773,4676,4569,4480,4520,4406,4394,4371,4394,4311,4299,4348,4300,4281,4258,4289,4312,4242,4190,4116,4133,4121
4723038000,고경면,8314,8318,8008,7709,7468,7100,6832,6539,6433,6212,6314,6194,6596,6621,6905,6388,6130,5971,5867,5750,5853,6010,6246,5874,5596,5629,5687,5658
4723039000,북안면,5946,6021,5828,5679,5576,5402,5250,5174,5025,4893,4997,4892,4793,4800,4919,4784,4758,4635,4595,4503,4487,4454,4460,4448,4419,4391,4398,4318
4723040000,대창면,4317,4252,4130,4059,3898,3748,3615,3460,3370,3309,3296,3210,3216,3252,3275,3211,3183,3181,3148,3102,3073,3032,3074,3096,3131,3056,3022,2982
4723051000,동부동,25254,26045,28007,28457,28524,29010,28216,28253,28243,27990,27601,27042,26532,26513,26927,27213,27161,28058,28605,29254,30779,30482,30051,29438,28259,27732,27252,26503
4723052000,중앙동,11100,10209,9764,9556,9242,9095,9081,8213,8063,7816,8883,9553,9878,10081,10113,9961,10103,9817,9685,9488,9004,8992,8869,9844,9688,9593,9401,9054
4723053500,서부동,8255,8777,8380,8152,7873,7637,7402,7387,7109,6909,6820,6373,6192,6067,6005,5751,5670,5503,5352,5232,5086,4967,4932,4831,4669,4606,4548,4432
4723054000,완산동,6426,6193,5874,5716,6041,5972,5846,5734,5568,5338,5319,5111,4942,4986,5015,4830,4686,4622,4504,4589,4529,5586,6957,6963,9530,9939,9975,9909
4723055500,남부동,6119,6003,5716,5519,5395,5207,5011,4886,4736,4605,4534,4277,4028,3954,3987,3774,3736,3937,4478,4502,4338,4391,4316,4234,4114,4038,3941,3785
4725025000,함창읍,10024,9767,9551,9193,8940,8658,8370,8122,7798,7609,7432,7205,7245,7121,7042,6927,6841,6705,6585,6949,6999,6907,6782,6564,6354,6201,6199,6099
4725031000,중동면,2495,2371,2278,2162,2034,2012,1963,1883,1884,1872,1865,1855,1889,1861,1809,1778,1715,1646,1582,1543,1506,1493,1491,1414,1381,1324,1318,1292
4725032500,사벌국면,6008,5871,5675,5523,5272,5015,4810,4606,4490,4444,4435,4464,4468,4438,4388,4349,4282,4201,4132,4062,4016,4017,3963,3853,3798,3774,3696,3604
4725033000,낙동면,6386,6237,6064,5871,5684,5505,5256,5056,4978,4899,4886,4796,4798,4858,4742,4649,4602,4564,4474,4452,4338,4250,4183,4062,3933,3878,3831,3712
4725034000,청리면,4985,4827,4672,4501,4299,4124,3974,3838,3700,3584,3552,3476,3480,3382,3286,3220,3145,3070,2993,2896,2811,2783,2764,2673,2563,2530,2487,2378
4725035000,공성면,7151,7027,6789,6526,6288,6035,5815,5617,5446,5260,5137,5040,4957,4926,4821,4751,4646,4506,4411,4299,4229,4118,4100,3956,3905,3869,3889,3815
4725036000,외남면,2664,2579,2486,2391,2283,2228,2130,2058,1996,1928,1903,1892,2039,1989,1973,1963,1937,1896,1856,1829,1821,1757,1733,1668,1620,1601,1556,1512
4725037000,내서면,2793,2692,2606,2569,2530,2468,2366,2336,2302,2237,2178,2136,2159,2170,2110,2126,2115,2033,2067,1980,1946,1911,2021,1960,1895,1885,1847,1789
4725038000,모동면,3623,3616,3567,3470,3351,3221,3065,3025,2964,2841,2831,2855,2862,2875,2839,2840,2834,2816,2798,2774,2720,2665,2639,2570,2542,2553,2560,2511
4725039000,모서면,3765,3749,3606,3460,3317,3195,3071,2952,2883,2814,2710,2719,2691,2754,2725,2728,2766,2696,2646,2641,2581,2574,2582,2507,2461,2416,2340,2332
4725040000,화동면,2911,2859,2812,2669,2538,2463,2392,2314,2283,2249,2233,2209,2291,2288,2285,2257,2205,2198,2170,2150,2145,2065,2072,1993,1940,1901,1884,1862
4725041000,화서면,4230,4099,3946,3805,3641,3485,3347,3242,3142,3075,2996,2938,3035,2973,2921,2916,2887,2879,2895,2860,2848,2869,2929,2784,2799,2858,2929,2795
4725042000,화북면,2171,2099,2030,2002,1918,1860,1782,1710,1714,1689,1661,1662,1765,1728,1703,1710,1684,1672,1690,1659,1616,1614,1636,1565,1520,1490,1450,1440
4725043000,외서면,3860,3799,3622,3511,3470,3361,3198,3104,2979,2933,2924,2899,2980,2988,3047,3024,2967,2921,2830,2804,2847,2880,2928,2730,2651,2591,2567,2491
4725044000,은척면,2661,2582,2516,2448,2316,2186,2097,2051,1978,1884,1837,1802,1880,1795,1779,1756,1695,1660,1615,1591,1573,1591,1622,1526,1514,1517,1466,1450
4725045000,공검면,3988,3855,3721,3529,3410,3265,3119,2977,2874,2775,2713,2650,2652,2606,2581,2559,2459,2378,2353,2311,2270,2255,2252,2145,2111,2143,2069,1995
4725046000,이안면,3512,3410,3245,3120,2993,2875,2778,2678,2585,2562,2459,2415,2420,2345,2303,2288,2226,2248,2189,2155,2150,2125,2127,2060,1987,1967,1975,1937
4725047000,화남면,1245,1189,1139,1098,1049,1026,972,924,882,871,888,876,889,919,922,892,881,893,876,857,843,821,858,827,793,777,780,792
4725052000,남원동,14847,14849,14830,14724,14075,13618,13270,12844,12829,12756,12537,12390,12452,12686,12579,12513,12755,12326,12244,12084,12492,12820,12898,12259,11684,11484,11365,11032
4725053000,북문동,6996,7010,7034,7083,6955,6817,6700,6484,6360,6256,6192,6360,6551,6424,6267,6194,6318,8474,9434,9633,9635,9622,9698,9143,9342,9345,9241,9139
4725054000,계림동,9310,9369,9668,9820,9679,9313,9228,8930,8876,8731,8594,8447,8422,8393,8640,8868,8697,8289,8093,8031,7803,7555,7509,7935,8771,8934,8883,8845
4725055000,동문동,11472,11579,11464,11292,11673,11650,11323,11270,10974,10708,10434,10188,10101,10070,9804,9621,9480,9070,8885,8723,8513,8451,8442,8340,7865,7716,7595,7429
4725056000,동성동,5426,5658,5535,5543,5363,5228,5082,4923,4807,4619,4525,4446,4509,4358,4442,4461,4440,4215,4202,4106,3979,3902,3872,3670,3483,3408,3331,3221
4725057000,신흥동,8041,8166,8271,8364,8969,9391,9229,9641,9720,9684,9678,9661,9673,9660,9677,9792,9769,9536,9354,9410,9266,9252,9587,9024,8654,8661,8600,8378
4728025000,문경읍,9881,9646,9458,9408,9353,8632,8349,8122,7933,7746,7619,7668,7607,7664,7552,7415,7377,7393,7316,7266,7172,6992,6989,6968,6884,6869,6776,6660
4728025300,가은읍,6041,5884,5691,5594,5349,5075,4819,4750,4637,4459,4311,4339,4423,4434,4322,4246,4228,4230,4240,4161,4097,3998,4029,4054,4089,4028,3928,3884
4728031000,영순면,3803,3701,3636,3612,3620,3247,3139,3019,2952,2788,2702,2754,2856,2951,2777,2681,2689,2629,2790,2584,2418,2447,2555,2451,2452,2418,2324,2271
4728032000,산양면,5110,4917,4792,4748,4770,4377,4192,4014,3871,3751,3670,3768,3767,3688,3647,3482,3459,3389,3380,3281,3226,3148,3148,3044,3072,3026,2983,2909
4728033000,호계면,3398,3287,3249,3253,3205,3008,2894,2788,2719,2619,2570,2635,2822,2865,2895,2843,2729,2647,2651,2605,2548,2467,2470,2399,2434,2432,2341,2283
4728034000,산북면,4393,4267,4080,4074,4081,3687,3522,3413,3320,3225,3164,3145,3194,3197,3092,3029,3029,2989,3000,2943,2871,2802,2805,2777,2787,2693,2653,2569
4728035000,동로면,2326,2281,2244,2235,2148,1956,1872,1822,1799,1768,1686,1754,1783,1823,1879,1847,1884,1942,1966,1958,1937,1897,1924,1951,2008,2028,1958,1916
4728036000,마성면,5889,5699,5514,5308,5167,4797,4663,4449,4282,4179,4047,4060,4109,4053,4026,3928,3901,3864,3819,3794,3718,3622,3628,3565,3558,3503,3364,3279
4728037000,농암면,3651,3643,3549,3448,3348,3134,3004,2919,2865,2835,2765,2858,2888,3010,2874,2776,2785,2736,2737,2725,2638,2586,2588,2609,2612,2560,2549,2508
4728057000,점촌1동,6839,6561,6246,6303,6008,5609,5401,7342,7107,6812,6684,6730,6559,6430,6263,6217,6108,5985,5873,5860,5667,5572,5729,5813,5742,5630,5422,5330
4728058000,점촌2동,7500,7199,7054,7062,7025,6361,5968,9153,8891,8644,8459,8381,8339,8465,8360,8273,8279,8168,8065,7919,7603,7385,7345,7122,7030,6924,6708,6480
4728059000,점촌3동,12152,12011,11816,11903,11917,11160,10690,10405,10286,10092,9984,9758,9856,10165,10225,10178,10243,10092,10027,9773,9673,9497,9359,9087,9060,9059,8718,8435
4728060000,점촌4동,4153,3930,4913,5040,5006,4553,4304,4157,4145,4022,3881,3815,3792,3780,3763,3646,3554,3545,3470,3368,3257,3153,3172,3162,3164,3081,2967,2948
4728061000,점촌5동,16638,18137,17902,17912,18094,18153,18441,13199,13251,13237,13238,13821,14650,14866,15052,15338,15399,16302,16450,16465,16469,16308,16501,16404,16262,16122,16064,15785
4729025000,하양읍,26015,27435,29454,30415,30325,30000,29544,29030,28885,29508,29119,28831,27973,27619,26987,26855,26659,26617,26446,26157,26728,26482,26066,25619,28053,29669,31415,32761
4729025300,진량읍,30987,35640,37428,38513,38487,37922,37143,36714,37298,37534,38027,38806,38913,39078,38767,38594,38541,38862,38457,37698,37099,36703,36319,36335,35568,34876,34115,33318
4729025600,압량면,11904,13267,13714,13276,13237,13248,13141,13027,12821,12705,12638,12533,12329,12397,13202,14971,15256,15585,17003,21315,21327,21138,20886,20912,20797,20852,20388,21833
4729031000,와촌면,7844,7665,7566,7295,7170,7052,6901,6867,6792,6666,6484,6513,6449,6412,6298,6238,6120,6065,6086,6352,6495,6399,6218,5985,5732,5545,5401,5216
4729033000,자인면,8651,8610,8449,8413,8199,7887,7607,7421,7230,7045,6914,6805,6587,6488,6431,6283,6285,6287,6248,6089,5936,5740,5652,5558,5453,5396,5304,5163
4729034000,용성면,5109,5005,4816,4686,4536,4412,4251,4139,4041,3983,3989,3991,3888,3826,3775,3687,3685,3698,3651,3562,3532,3511,3457,3346,3270,3239,3234,3235
4729035000,남산면,4826,4818,4876,4903,4800,4680,4514,4394,4325,4219,4206,4154,4085,3999,3918,3834,3785,3861,3969,3897,3842,3832,3833,3760,3711,3719,3661,3553
4729037000,남천면,4535,4427,4445,4212,4148,4117,4081,3977,3920,3792,3749,3724,3601,3539,3493,3489,3451,3547,3499,3418,3326,3195,3098,3034,2919,2864,2774,2704
4729051000,중방동,8739,8521,8520,8526,8340,8196,8075,7794,7665,7544,7346,7321,7027,9948,11160,11238,11098,11311,11502,11275,10576,10209,10118,10015,9643,9451,10841,10784
4729052000,중앙동,9049,9013,9020,8938,8818,8659,8669,8266,7918,7719,7670,7648,7385,7360,7340,7256,7026,7198,7259,7323,7231,7004,6752,6620,6359,6269,5997,5755
4729053000,남부동,10240,10092,9909,9749,9525,9332,9072,8960,13462,16464,17635,17667,17092,17068,17375,17376,17288,17589,17655,17403,17291,19755,20341,20107,19968,19703,19114,18445
4729054100,서부1동,48217,50572,51490,51757,51310,51095,49970,51838,54801,58044,58902,58905,59127,59933,60702,61130,60702,62680,63840,62621,65781,66788,67729,67375,71726,70816,69819,71503
4729055000,북부동,5268,5177,5200,5359,5593,6196,6697,10011,11646,12663,12867,13047,12573,12565,12491,12497,12642,13174,13261,13072,12935,13773,15678,16272,16296,16681,16541,16212
4729056000,동부동,16920,17202,17602,17779,21507,25650,26575,27141,26962,26953,27335,27478,29430,30476,31745,32910,36267,37494,38012,37855,37386,36564,37038,38790,38874,38645,37601,35916
4773025000,의성읍,18675,18702,18453,18056,17537,16832,16295,15937,15570,15359,15089,14870,14720,14730,14594,14535,14424,14324,14121,14025,13897,13863,13758,13447,12971,12811,12676,12296
4773031000,단촌면,3479,3408,3290,3186,3110,2976,2866,2779,2692,2604,2504,2389,2341,2306,2245,2213,2143,2123,2092,2084,2087,2050,2023,1937,1924,1910,1911,1826
4773032000,점곡면,2734,2760,2730,2640,2544,2385,2340,2256,2211,2139,2047,2001,2014,1978,1907,1898,1869,1835,1779,1760,1714,1672,1637,1598,1614,1592,1570,1506
4773033000,옥산면,3062,3020,2954,2827,2736,2648,2530,2439,2403,2340,2311,2218,2189,2182,2156,2073,2033,1966,1944,1934,1918,1893,1839,1820,1745,1741,1751,1697
4773034000,사곡면,2759,2703,2621,2512,2419,2339,2258,2166,2080,1996,1912,1845,1794,1785,1765,1730,1691,1631,1604,1586,1588,1612,1592,1565,1551,1559,1556,1518
4773035000,춘산면,2435,2436,2409,2363,2255,2145,2066,1991,1911,1855,1778,1754,1758,1742,1713,1667,1630,1621,1593,1561,1542,1521,1504,1468,1450,1483,1490,1482
4773036000,가음면,2374,2340,2244,2167,2095,2006,1953,1885,1837,1785,1725,1693,1658,1625,1588,1597,1543,1491,1484,1495,1504,1503,1469,1466,1456,1463,1475,1428
4773037000,금성면,7013,6940,6805,6480,6274,6020,5771,5574,5425,5326,5212,5152,5066,5007,4872,4767,4707,4674,4635,4607,4491,4479,4429,4334,4201,4179,4159,4068
4773038000,봉양면,5655,5544,5464,5347,5203,4998,4800,4616,4521,4404,4314,4230,4148,4133,4067,4056,4031,4001,3962,3964,3974,3969,4001,3953,3842,3823,3883,3832
4773039000,비안면,4059,3969,3868,3715,3544,3411,3270,3130,3021,2925,2854,2811,2771,2779,2700,2644,2610,2552,2551,2494,2536,2511,2571,2553,2573,2550,2571,2539
4773040000,구천면,2904,2816,2759,2678,2596,2469,2379,2301,2250,2201,2147,2073,2065,2041,2027,2022,1979,1937,1908,1933,1891,1830,1817,1821,1756,1738,1731,1682
4773041000,단밀면,3043,3034,2928,2827,2710,2582,2498,2379,2347,2326,2236,2219,2173,2179,2154,2119,2079,2006,1960,1936,1892,1847,1818,1756,1698,1664,1672,1606
4773042000,단북면,3132,2984,2998,2916,2803,2741,2637,2544,2420,2316,2283,2203,2160,2149,2110,2093,2066,2037,1979,1959,1905,1867,1850,1802,1783,1757,1740,1670
4773043000,안계면,6874,6846,6669,6450,6277,6019,5831,5651,5571,5490,5331,5220,5161,5151,5054,5000,4892,4800,4725,4650,4606,4552,4605,4585,4543,4440,4388,4251
4773044000,다인면,6847,6750,6602,6330,6130,5938,5728,5511,5338,5187,5086,4918,4784,4732,4576,4478,4334,4218,4187,4127,4062,3973,3879,3822,3765,3711,3716,3596
4773045000,신평면,1396,1359,1309,1257,1207,1140,1088,1024,1009,1014,962,927,905,917,877,851,838,820,807,814,821,799,798,815,822,805,815,791
4773046000,안평면,3686,3527,3406,3255,3145,2947,2832,2765,2703,2589,2524,2470,2396,2397,2360,2344,2271,2273,2263,2225,2187,2165,2156,2143,2126,2122,2105,2048
4773047000,안사면,1406,1421,1357,1321,1287,1267,1230,1176,1148,1091,1051,1040,1006,999,979,956,924,903,883,860,859,838,849,839,812,838,877,854
4777025000,영덕읍,13146,13270,13111,12778,12579,13581,12191,12148,11963,12900,11707,11531,11305,11204,11081,11181,11339,11312,11306,11567,11536,11539,11394,11040,10740,10580,10414,10208
4777031000,강구면,9904,9916,9740,9537,9298,9664,8687,8443,8325,8626,8156,8007,7765,7711,7502,7320,7215,6978,6857,6693,6613,6552,6414,6248,6000,5896,5795,5604
4777032000,남정면,4053,4023,3886,3725,3565,3947,3355,3247,3208,3227,3083,2983,2913,2917,2835,2746,2719,2664,2621,2560,2508,2467,2416,2371,2327,2269,2246,2220
4777033000,달산면,1770,1745,1679,1639,1567,1735,1488,1457,1415,1455,1402,1383,1334,1315,1378,1398,1379,1344,1292,1264,1227,1215,1191,1124,1113,1097,1074,1067
4777034000,지품면,3569,3490,3326,3175,3027,3267,2855,2699,2667,2764,2581,2544,2463,2432,2404,2330,2301,2298,2277,2245,2190,2109,2063,2018,1999,1947,1933,1866
4777035000,축산면,4556,4533,4457,4320,4127,4224,3933,3784,3715,3664,3443,3349,3276,3225,3160,3121,3132,3105,3080,3023,2955,2867,2742,2657,2555,2475,2430,2341
4777036000,영해면,9485,9399,9211,8924,8730,9160,8277,8065,7900,7936,7553,7490,7374,7336,7262,7077,7019,6898,6819,6821,6721,6683,6567,6381,6212,6159,6010,5851
4777037000,병곡면,4974,4801,4626,4430,4238,4425,3911,3811,3659,3699,3506,3441,3327,3263,3218,3166,3127,3090,3067,3030,2969,2908,2847,2786,2734,2670,2604,2539
4777038000,창수면,2901,2822,2694,2603,2462,2599,2268,2172,2151,2189,2039,1979,1953,1974,1954,1918,1911,1897,1872,1849,1810,1768,1727,1688,1634,1557,1549,1514
4782025000,화양읍,8277,8300,8148,7701,7708,7709,7716,7488,7521,7352,7343,7214,7206,7769,7881,7977,7922,7928,7986,7899,7923,8127,8366,8305,8333,8282,8221,8039
4782025300,청도읍,17158,17160,16896,16194,15888,15682,15497,14732,14309,14030,13770,13532,13384,13089,12937,12759,12769,12907,12825,12748,12604,12368,12168,11940,11720,11617,11437,11160
4782031000,각남면,3353,3355,3206,3046,2925,2886,2793,2603,2561,2517,2453,2380,2347,2274,2301,2292,2269,2248,2220,2195,2199,2185,2164,2127,2159,2160,2145,2118
4782032000,풍각면,5868,5870,5713,5398,5229,5098,5014,4778,4621,4541,4424,4363,4301,4356,4293,4178,4096,4108,4096,4123,4099,4029,4003,3935,3858,3809,3736,3677
4782033000,각북면,2611,2615,2580,2462,2409,2380,2374,2253,2192,2195,2196,2219,2195,2173,2205,2213,2210,2230,2268,2291,2258,2242,2265,2227,2238,2276,2276,2296
4782034000,이서면,5725,5726,5453,5346,5238,5190,5125,4815,4782,4788,4812,4724,4752,4724,4732,4707,4737,4809,4743,4655,4650,4627,4611,4507,4513,4504,4528,4454
4782035000,운문면,2892,2905,2913,2786,2656,2612,2603,2493,2485,2431,2450,2393,2321,2313,2286,2269,2273,2250,2236,2250,2226,2161,2132,2110,2061,2008,1980,1924
4782036000,금천면,4965,4973,4942,4447,4328,4276,4275,4009,3910,3955,3834,3768,3665,3629,3635,3591,3532,3508,3425,3464,3434,3419,3374,3327,3273,3222,3218,3193
4782037000,매전면,5749,5754,5661,5117,4887,4883,4744,4507,4367,4335,4233,4118,4108,4064,4028,3982,3980,4005,3925,3939,3953,3899,3827,3785,3736,3736,3775,3721
4783025300,대가야읍,11272,11449,11344,11278,11233,11217,10881,10760,10718,10738,10537,10367,10403,10686,10856,10891,10959,11003,10903,10781,10646,10458,10365,10077,9886,9827,9660,9404
4783031000,덕곡면,1944,1866,1863,1813,1758,1705,1680,1655,1619,1595,1559,1520,1514,1523,1512,1482,1466,1508,1478,1543,1498,1486,1481,1433,1414,1392,1441,1449
4783032000,운수면,2719,2643,2620,2577,2498,2373,2340,2282,2273,2318,2285,2220,2193,2151,2082,2049,2057,2067,2030,2028,2015,1992,1916,1883,1812,1772,1782,1734
4783033000,성산면,3832,3758,3783,3604,3500,3415,3284,3224,3204,3176,3053,3005,2957,2954,2924,2923,2947,2936,2898,2833,2786,2729,2662,2594,2515,2509,2500,2469
4783034000,다산면,7394,7398,7483,7478,7433,7262,7147,7198,7248,7925,8681,8977,8918,8957,9810,9880,9710,9618,9578,9468,9263,8970,8766,8445,8295,8144,8040,8453
4783035000,개진면,3112,2976,2942,2842,2692,2553,2510,2460,2450,2425,2344,2312,2266,2284,2294,2296,2277,2264,2222,2169,2160,2084,2015,1941,1902,1893,1869,1813
4783036000,우곡면,2802,2724,2682,2586,2471,2437,2295,2234,2187,2123,2088,2044,2056,2023,1953,1918,1903,1841,1786,1776,1762,1702,1641,1591,1548,1552,1555,1528
4783037000,쌍림면,5706,5633,5534,5409,5211,5016,4805,4709,4572,4477,4360,4325,4228,4100,4024,3904,3879,3796,3699,3659,3638,3548,3527,3397,3254,3264,3292,3212
4784025000,성주읍,14125,14172,14329,14123,14152,14573,13910,13809,13652,13523,13461,13372,13422,13218,13276,13231,13558,13776,13978,14153,14120,14120,13923,13737,13518,13376,13300,13272
4784031000,선남면,7547,7530,7539,7328,7180,7363,7047,6925,6790,6712,6709,6642,6858,6816,6846,6766,6652,6571,6469,6471,6484,6486,6327,6154,6110,6110,6023,5924
4784032000,용암면,4699,4602,4451,4392,4307,4586,4168,4064,4036,3972,3830,3767,3826,3790,3967,3880,3896,3829,3839,3919,3881,3778,3785,3734,3638,3648,3570,3506
4784033000,수륜면,4367,4238,4139,3944,3902,3974,3674,3594,3544,3482,3329,3260,3321,3315,3248,3225,3188,3186,3184,3150,3195,3092,3086,3111,3143,3214,3202,3169
4784034000,가천면,2641,2639,2573,2483,2403,2417,2256,2201,2153,2083,2066,2017,2055,2048,2070,2039,2046,2059,2062,2046,2047,2011,1999,2035,2003,1984,1981,1922
4784035500,금수강산면,1396,1363,1367,1323,1311,1311,1197,1192,1203,1204,1166,1147,1198,1195,1216,1199,1179,1148,1139,1141,1188,1159,1194,1212,1196,1196,1198,1167
4784036000,대가면,3442,3345,3231,3150,3031,3073,2891,2787,2731,2735,2643,2532,2621,2577,2596,2624,2527,2511,2554,2518,2562,2559,2489,2452,2427,2349,2316,2219
4784037000,벽진면,4427,4435,4431,4297,4233,4360,3992,3886,3801,3736,3625,3553,3565,3542,3551,3473,3444,3399,3310,3288,3264,3218,3157,3071,3041,3015,2945,2887
4784038000,초전면,6277,6227,6150,5963,5939,6087,5759,5606,5444,5373,5274,5256,5242,5239,5245,5207,5102,5044,5004,4989,4852,4776,4639,4511,4439,4402,4331,4241
4784039000,월항면,4292,4269,4195,4101,3922,4017,3761,3667,3606,3538,3577,3478,3508,3549,3625,3483,3475,3458,3490,3530,3545,3473,3416,3397,3327,3272,3220,3145
4785025000,왜관읍,30821,31310,31323,31087,30729,30383,30107,29793,29861,29974,31021,32303,32381,32948,32566,32418,32390,32614,32650,32511,32768,33110,33935,33444,32755,32114,31389,30595
4785025300,북삼읍,16948,17344,18720,19273,19935,21209,21781,22178,22795,23797,24660,25081,25358,25491,25393,25694,26037,26584,26398,26116,25523,24934,24044,24305,24383,24161,23813,23107
4785025600,석적읍,3683,4133,4317,14692,16122,17332,18104,19222,20096,23091,24333,26259,27464,28465,29043,30007,31490,32207,33736,35127,33985,32963,31820,30889,31178,31327,31110,30016
4785031000,지천면,7019,6926,6741,6637,6487,6320,6069,6030,5998,5941,5786,5519,5378,5345,5149,5087,5033,4943,4823,4719,4552,4444,4396,4234,4096,3956,3864,3802
4785032000,동명면,7323,7093,6928,6794,6888,6742,6634,6518,6541,6444,6376,6403,6256,6261,6176,6120,6021,5864,5809,5712,5677,5519,5593,5312,5335,5226,5182,5059
4785033000,가산면,4889,4896,4781,4706,4532,4396,4273,4214,4249,4290,4248,4104,4061,4018,3966,3970,3912,3860,3787,3751,3704,3619,3564,3520,3428,3357,3227,3198
4785036000,약목면,17348,17317,17153,17049,16784,16327,15833,15506,15225,14968,14590,14056,13641,13464,13133,12921,12655,12346,12055,11664,11128,10764,10358,9824,9523,9255,8999,8679
4785037000,기산면,3469,3401,3319,3299,3266,3135,3042,3014,2985,2885,2837,2747,2749,3095,3412,3569,3644,3640,3571,3599,3527,3475,3337,3230,3124,3091,2997,2927
4790025000,예천읍,21610,21495,21127,20593,20266,19490,18966,18750,18482,18135,17822,17578,17549,17593,17585,17498,17518,17398,17337,16869,16240,15579,15197,14801,14548,14333,14059,13729
4790025300,호명면,3882,3779,3675,3566,3461,3340,3222,3158,3063,3052,2985,3016,3007,2957,2884,2814,2635,2623,2669,5023,9401,14863,17714,19193,19948,20550,20840,20864
4790031000,용문면,3928,3857,3713,3576,3429,3257,3110,2977,2917,2908,2805,2754,2704,2705,2714,2719,2700,2634,2578,2544,2498,2445,2396,2309,2268,2234,2155,2110
4790034000,감천면,4599,4533,4361,4177,4006,3847,3688,3551,3464,3462,3333,3240,3172,3122,3037,2961,2970,2972,2939,2924,2839,2765,2719,2657,2604,2557,2476,2450
4790035000,보문면,3032,2952,2864,2670,2533,2456,2293,2202,2127,2131,2022,1965,1981,1930,1907,1848,1838,1816,1799,1765,1756,1734,1737,1697,1672,1641,1626,1557
4790037000,유천면,4475,4404,4329,4286,4110,3958,3764,3663,3529,3548,3365,3343,3194,3201,3229,3214,3190,3148,3082,2997,2865,2688,2544,2531,2535,2517,2472,2448
4790038000,용궁면,4846,4765,4559,4385,4209,4025,3852,3708,3613,3572,3411,3288,3198,3149,3081,3019,2955,2890,2875,2788,2712,2610,2527,2456,2379,2348,2298,2220
4790039000,개포면,2958,2900,2748,2652,2580,2479,2370,2255,2199,2162,2117,2021,1956,1943,1920,1884,1855,1862,1803,1763,1712,1635,1567,1523,1494,1485,1465,1447
4790040000,지보면,5267,5161,4927,4783,4577,4345,4150,3972,3847,3720,3595,3542,3520,3451,3385,3358,3296,3253,3165,3100,3033,2897,2805,2721,2683,2626,2580,2542
4790041000,풍양면,6012,5888,5760,5578,5448,5226,5008,4822,4704,4583,4462,4370,4204,4149,4039,3994,3884,3787,3713,3660,3495,3397,3312,3165,3078,2955,2882,2796
4790042000,효자면,1747,1742,1638,1562,1489,1427,1375,1350,1313,1276,1306,1285,1249,1268,1283,1236,1245,1230,1235,1251,1229,1209,1197,1194,1160,1183,1172,1171
4790043000,은풍면,2287,2205,2127,2057,1973,1896,1851,1724,1693,1669,1643,1591,1572,1581,1515,1482,1487,1491,1479,1482,1473,1452,1385,1366,1370,1326,1300,1275
4792025000,봉화읍,13133,12955,12889,12672,12406,11995,11899,11596,11400,11132,10934,10877,10784,10760,10701,10670,10736,10660,10639,10596,10553,10428,10237,10008,9701,9507,9371,9083
4792031000,물야면,4823,4676,4533,4361,4167,3964,4016,3754,3641,3518,3436,3392,3376,3411,3365,3359,3389,3403,3397,3360,3336,3284,3190,3140,3059,3005,2888,2808
4792032000,봉성면,3401,3308,3159,3061,2977,2893,2789,2696,2644,2583,2538,2500,2437,2470,2429,2375,2312,2308,2271,2268,2255,2281,2199,2116,2077,2035,1962,1907
4792033000,법전면,3230,3179,2991,2840,2783,2700,2733,2550,2453,2368,2316,2292,2228,2260,2290,2226,2215,2231,2217,2198,2133,2081,2057,2014,2001,1945,1933,1883
4792034000,춘양면,7030,6901,6709,6393,6104,5943,5801,5479,5360,5154,5094,5019,5003,5059,4918,4892,4813,4810,4745,4625,4592,4532,4492,4433,4350,4323,4286,4170
4792035000,소천면,3335,3348,3214,3067,2919,2814,2860,2639,2556,2519,2454,2441,2418,2471,2462,2451,2417,2421,2406,2365,2340,2317,2261,2224,2179,2113,2110,2076
4792036000,재산면,2329,2294,2231,2132,2007,1942,1895,1774,1733,1692,1699,1675,1683,1723,1692,1697,1689,1715,1685,1661,1644,1640,1578,1522,1496,1430,1401,1404
4792037000,명호면,3294,3272,3190,3004,2881,2755,2658,2574,2495,2428,2414,2363,2343,2350,2343,2328,2304,2368,2347,2352,2329,2303,2277,2254,2213,2198,2147,2095
4792038000,상운면,2977,2864,2690,2596,2469,2370,2411,2201,2123,2070,2026,1966,1976,1971,1965,1901,1870,1908,1880,1891,1862,1814,1771,1754,1691,1676,1647,1642
4792039000,석포면,2908,2940,2831,2739,2651,2476,2377,2263,2194,2144,2135,2103,2049,2092,2027,2035,2149,2199,2221,2223,2215,2163,2088,2029,1995,1907,1858,1768
4793025000,울진읍,14305,14423,14311,14255,14329,14113,13827,13545,13373,13469,13555,13426,13819,13920,14036,14114,14217,14734,14580,14576,14562,14571,14240,14051,13878,13621,13575,13374
4793025300,평해읍,5028,4922,4745,4633,4493,4306,4198,4079,4012,3798,3705,3546,3511,3439,3419,3326,3239,3301,3287,3198,3128,3048,2942,2869,2721,2618,2529,2488
4793031000,북면,9357,8938,9048,9554,9876,9549,9046,8595,8088,7778,7490,7448,7317,7301,7234,7130,7119,6966,7214,7362,7165,6900,7306,7399,7360,7470,7551,7531
4793033000,근남면,4421,4361,4204,4048,3991,3863,3718,3529,3408,3262,3144,3118,2980,3020,2960,2912,2959,2905,2892,2829,2796,2788,2779,2768,2740,2728,2713,2697
4793035000,기성면,4581,4492,4337,4158,3997,3858,3668,3539,3440,3329,3214,3097,3004,2984,2891,2905,2879,2854,2737,2754,2681,2635,2632,2548,2482,2367,2370,2318
4793036000,온정면,3472,3425,3265,3145,3016,2936,2787,2669,2555,2416,2338,2251,2199,2137,2096,2046,2009,1963,1921,1891,1867,1831,1781,1753,1693,1618,1583,1547
4793037000,죽변면,9755,9597,9458,9356,9421,9044,8685,8132,7724,7341,7183,7054,6893,6946,6995,7109,7458,7433,7446,7439,7204,7008,6659,6490,6287,6151,6110,6079
4793038000,후포면,11625,11724,11617,11157,10902,10453,10020,9659,9451,9160,8914,8787,8588,8512,8354,8310,8172,8098,8037,8016,7990,7808,7619,7546,7410,7267,7099,6980
4793039000,금강송면,2760,2706,2636,2511,2388,2197,2039,1948,1862,1779,1733,1671,1672,1630,1576,1566,1531,1495,1464,1437,1399,1350,1293,1270,1280,1227,1219,1191
4793040000,매화면,3841,3754,3638,3481,3275,3192,3043,2895,2794,2744,2679,2644,2546,2541,2484,2426,2370,2355,2307,2236,2182,2097,2063,2022,2007,1963,1920,1919