"A 행정구역(동읍면)별(1)","A 행정구역(동읍면)별(2)",A 행정구역(동읍면)별(3),A 행정구역(동읍면)별(4),13999001 항목,Y1997 1997,Y1998 1998,Y1999 1999,Y2000 2000,Y2001 2001,Y2002 2002,Y2003 2003,Y2004 2004,Y2005 2005,Y2006 2006,Y2007 2007,Y2008 2008,Y2009 2009,Y2010 2010
"A 행정구역(동읍면)별(1)","A 행정구역(동읍면)별(2)",A 행정구역(동읍면)별(3),A 행정구역(동읍면)별(4),13999001 항목,00 계,00 계,00 계,00 계,00 계,00 계,00 계,00 계,00 계,00 계,00 계,00 계,00 계,00 계
"43 충청북도","43740 영동군",소계,소계,T2 인구,61205,60890,60094,58627,57184,55752,54036,52597,51800,50819,50131,50276,50426,50523
"43 충청북도","43740 영동군",4374025000 영동읍,소계,T2 인구,22661,22717,22847,22550,22263,22248,21835,21530,21267,20885,20600,21031,21218,21324
"43 충청북도","43740 영동군",4374031000 용산면,소계,T2 인구,4891,4840,4719,4597,4440,4195,4083,3943,3881,3823,3766,3715,3664,3714
"43 충청북도","43740 영동군",4374032000 황간면,소계,T2 인구,6282,6221,6149,5964,5760,5509,5280,5165,5055,4956,4801,4774,4746,4692
"43 충청북도","43740 영동군",4374033500 추풍령면,소계,T2 인구,3402,3369,3309,3178,3105,3038,2908,2820,2759,2690,2653,2614,2577,2597
"43 충청북도","43740 영동군",4374034000 매곡면,소계,T2 인구,2722,2640,2610,2529,2420,2333,2285,2206,2167,2144,2157,2143,2150,2112
"43 충청북도","43740 영동군",4374035000 상촌면,소계,T2 인구,3235,3178,3067,2980,2931,2819,2669,2606,2607,2547,2494,2425,2442,2494
"43 충청북도","43740 영동군",4374036000 양강면,소계,T2 인구,4554,4588,4526,4424,4185,4052,3922,3716,3656,3617,3616,3686,3714,3670
"43 충청북도","43740 영동군",4374037000 용화면,소계,T2 인구,1233,1250,1191,1125,1106,1072,1061,1020,989,980,989,981,1011,1019
"43 충청북도","43740 영동군",4374038000 학산면,소계,T2 인구,4575,4480,4308,4135,3995,3826,3612,3434,3319,3274,3216,3127,3130,3151
"43 충청북도","43740 영동군",4374039000 양산면,소계,T2 인구,2834,2881,2768,2682,2623,2495,2357,2259,2241,2187,2153,2132,2113,2117
"43 충청북도","43740 영동군",4374040000 심천면,소계,T2 인구,4816,4726,4600,4463,4356,4165,4024,3898,3859,3716,3686,3648,3661,3633
"47 경상북도","소계",소계,소계,T2 인구,2799084,2809595,2808567,2797178,2784704,2756744,2720832,2695917,2688491,2688577,2681364,2673931,2669876,2689920
"47 경상북도","47110 포항시",4711051000 구룡포읍,소계,T2 인구,16000,-,-,-,-,-,-,-,-,-,-,-,-,-
"47 경상북도","47110 포항시",4711051001 홍해읍,소계,T2 인구,35121,-,-,-,-,-,-,-,-,-,-,-,-,-
"47 경상북도","47110 포항시",4711051002 오천읍,소계,T2 인구,39152,-,-,-,-,-,-,-,-,-,-,-,-,-
"47 경상북도","47110 포항시",4711051003 연일읍,소계,T2 인구,23682,-,-,-,-,-,-,-,-,-,-,-,-,-
"47 경상북도","47110 포항시",4711051004 신광면,소계,T2 인구,4743,-,-,-,-,-,-,-,-,-,-,-,-,-
"47 경상북도","47110 포항시",4711051005 청하면,소계,T2 인구,8487,-,-,-,-,-,-,-,-,-,-,-,-,-
"47 경상북도","47110 포항시",4711051006 송라면,소계,T2 인구,4302,-,-,-,-,-,-,-,-,-,-,-,-,-
"47 경상북도","47110 포항시",4711051007 기계면,소계,T2 인구,7876,-,-,-,-,-,-,-,-,-,-,-,-,-
"47 경상북도","47110 포항시",4711051008 죽장면,소계,T2 인구,4060,-,-,-,-,-,-,-,-,-,-,-,-,-
"47 경상북도","47110 포항시",4711051009 대송면,소계,T2 인구,9401,-,-,-,-,-,-,-,-,-,-,-,-,-
"47 경상북도","47110 포항시",4711051010 동해면,소계,T2 인구,16572,-,-,-,-,-,-,-,-,-,-,-,-,-
"47 경상북도","47110 포항시",4711051011 장기면,소계,T2 인구,8256,-,-,-,-,-,-,-,-,-,-,-,-,-
"47 경상북도","47110 포항시",4711051012 대보면,소계,T2 인구,3862,-,-,-,-,-,-,-,-,-,-,-,-,-
"47 경상북도","47110 포항시",4711051013 기북면,소계,T2 인구,2025,-,-,-,-,-,-,-,-,-,-,-,-,-
"47 경상북도","47110 포항시",4711051014 대흥동,소계,T2 인구,2592,-,-,-,-,-,-,-,-,-,-,-,-,-
"47 경상북도","47110 포항시",4711051015 중앙동,소계,T2 인구,3739,-,-,-,-,-,-,-,-,-,-,-,-,-
"47 경상북도","47110 포항시",4711051016 덕수동,소계,T2 인구,4058,-,-,-,-,-,-,-,-,-,-,-,-,-
"47 경상북도","47110 포항시",4711051017 대신동,소계,T2 인구,5839,-,-,-,-,-,-,-,-,-,-,-,-,-
"47 경상북도","47110 포항시",4711051018 동빈동,소계,T2 인구,2343,-,-,-,-,-,-,-,-,-,-,-,-,-
"47 경상북도","47110 포항시",4711051019 학산동,소계,T2 인구,6364,-,-,-,-,-,-,-,-,-,-,-,-,-
"47 경상북도","47110 포항시",4711051020 항구동,소계,T2 인구,2694,-,-,-,-,-,-,-,-,-,-,-,-,-
"47 경상북도","47110 포항시",4711051021 상대1동,소계,T2 인구,25728,-,-,-,-,-,-,-,-,-,-,-,-,-
"47 경상북도","47110 포항시",4711051022 상대2동,소계,T2 인구,16201,-,-,-,-,-,-,-,-,-,-,-,-,-
"47 경상북도","47110 포항시",4711051023 해도1동,소계,T2 인구,17125,-,-,-,-,-,-,-,-,-,-,-,-,-
"47 경상북도","47110 포항시",4711051024 해도2동,소계,T2 인구,19227,-,-,-,-,-,-,-,-,-,-,-,-,-
"47 경상북도","47110 포항시",4711051025 송도동,소계,T2 인구,26758,-,-,-,-,-,-,-,-,-,-,-,-,-
"47 경상북도","47110 포항시",4711051026 양학동,소계,T2 인구,13349,-,-,-,-,-,-,-,-,-,-,-,-,-
"47 경상북도","47110 포항시",4711051027 죽도1동,소계,T2 인구,6602,-,-,-,-,-,-,-,-,-,-,-,-,-
"47 경상북도","47110 포항시",4711051028 죽도2동,소계,T2 인구,25677,-,-,-,-,-,-,-,-,-,-,-,-,-
"47 경상북도","47110 포항시",4711051029 용흥1동,소계,T2 인구,28426,-,-,-,-,-,-,-,-,-,-,-,-,-
"47 경상북도","47110 포항시",4711051030 용흥2동,소계,T2 인구,4233,-,-,-,-,-,-,-,-,-,-,-,-,-
"47 경상북도","47110 포항시",4711051031 우창동,소계,T2 인구,28041,-,-,-,-,-,-,-,-,-,-,-,-,-
"47 경상북도","47110 포항시",4711051032 두호동,소계,T2 인구,21075,-,-,-,-,-,-,-,-,-,-,-,-,-
"47 경상북도","47110 포항시",4711051033 장양동,소계,T2 인구,18347,-,-,-,-,-,-,-,-,-,-,-,-,-
"47 경상북도","47110 포항시",4711051034 환여동,소계,T2 인구,6788,-,-,-,-,-,-,-,-,-,-,-,-,-
"47 경상북도","47110 포항시",4711051035 청림동,소계,T2 인구,11523,-,-,-,-,-,-,-,-,-,-,-,-,-
"47 경상북도","47110 포항시",4711051036 제철동,소계,T2 인구,5446,-,-,-,-,-,-,-,-,-,-,-,-,-
"47 경상북도","47110 포항시",4711051037 효곡동,소계,T2 인구,19288,-,-,-,-,-,-,-,-,-,-,-,-,-
"47 경상북도","47110 포항시",4711051038 대이동,소계,T2 인구,6673,-,-,-,-,-,-,-,-,-,-,-,-,-
"47 경상북도","47110 포항시",47111 남구,4711125000 구룡포읍,T2 인구,-,15509,15040,14542,14515,13914,13509,13052,12558,12093,11618,11232,10741,10552
"47 경상북도","47110 포항시",47111 남구,4711125300 연일읍,T2 인구,-,26605,29938,31255,32223,32363,32400,32455,32081,31976,32944,34083,34372,34722
"47 경상북도","47110 포항시",47111 남구,4711125600 오천읍,T2 인구,-,38902,39074,39369,39973,41945,41970,41486,41462,41441,42801,43648,45065,48116
"47 경상북도","47110 포항시",47111 남구,4711131000 대송면,T2 인구,-,9154,8884,8487,8040,7741,7409,7155,6914,6617,6335,6040,5726,5556
"47 경상북도","47110 포항시",47111 남구,4711132000 동해면,T2 인구,-,16235,15751,15460,15076,14679,14534,14217,14057,13879,13493,13008,12536,12209
"47 경상북도","47110 포항시",47111 남구,4711133000 장기면,T2 인구,-,8005,7801,7411,7050,6812,6547,6390,6092,5962,5783,5699,5523,5408
"47 경상북도","47110 포항시",47111 남구,4711135000 호미곶면,T2 인구,-,-,-,-,-,-,-,-,-,-,-,-,-,2551
"47 경상북도","47110 포항시",47111 남구,4711134000 대보면,T2 인구,-,3704,3591,3489,3352,3254,3153,3078,2977,2826,2784,2665,2637,-
"47 경상북도","47110 포항시",47111 남구,4711151000 상대1동,T2 인구,-,24913,23968,22765,22149,21234,20809,20183,20060,19628,19278,18982,-,-
"47 경상북도","47110 포항시",47111 남구,4711152000 상대2동,T2 인구,-,15565,14747,14148,13653,13230,13057,12840,12607,12346,12029,11778,-,-
"47 경상북도","47110 포항시",47111 남구,4711152500 상대동,T2 인구,-,-,-,-,-,-,-,-,-,-,-,-,30078,29672
"47 경상북도","47110 포항시",47111 남구,4711153000 해도1동,T2 인구,-,16695,15769,15065,14708,14139,13863,13455,13223,12992,12588,12408,-,-
"47 경상북도","47110 포항시",47111 남구,4711154000 해도2동,T2 인구,-,18247,17454,16708,16124,15607,15270,14884,14846,14285,13739,13434,-,-
"47 경상북도","47110 포항시",47111 남구,4711154500 해도동,T2 인구,-,-,-,-,-,-,-,-,-,-,-,-,25217,24082
"47 경상북도","47110 포항시",47111 남구,4711155000 송도동,T2 인구,-,25812,24810,23751,23047,22120,21677,21113,20783,19864,19985,19537,19160,18651
"47 경상북도","47110 포항시",47111 남구,4711156000 청림동,T2 인구,-,11315,11123,10592,10047,9513,9226,8986,8721,8474,8308,8038,7654,7373
"47 경상북도","47110 포항시",47111 남구,4711157000 제철동,T2 인구,-,5219,4698,4541,4077,4132,3981,3886,3881,3873,3818,3631,3715,3470
"47 경상북도","47110 포항시",47111 남구,4711158000 효곡동,T2 인구,-,21972,24745,25153,26892,26680,26438,26306,26133,25690,27460,29332,29657,30333
"47 경상북도","47110 포항시",47111 남구,4711159000 대이동,T2 인구,-,6559,6329,11276,12751,13230,15394,16122,19471,20273,20488,20256,20503,21593
"47 경상북도","47110 포항시",47113 북구,4711325000 흥해읍,T2 인구,-,34862,36350,36790,37449,36973,36877,37315,37138,36659,36594,36713,36930,36880
"47 경상북도","47110 포항시",47113 북구,4711331000 신광면,T2 인구,-,4592,4399,4224,4084,3961,3775,3709,3658,3532,3479,3410,3350,3277
"47 경상북도","47110 포항시",47113 북구,4711332000 청하면,T2 인구,-,8396,8073,7766,7506,7226,7026,6776,6516,6364,6234,6089,5904,5882
"47 경상북도","47110 포항시",47113 북구,4711333000 송라면,T2 인구,-,4213,4040,3944,3880,3762,3706,3576,3527,3479,3352,3250,3150,3076
"47 경상북도","47110 포항시",47113 북구,4711334000 기계면,T2 인구,-,7758,7520,7263,6964,6751,6578,6371,6206,6089,5969,5894,5727,5680
"47 경상북도","47110 포항시",47113 북구,4711335000 죽장면,T2 인구,-,4011,3925,3747,3600,3479,3345,3257,3229,3195,3066,2974,2341,2320
"47 경상북도","47110 포항시",47113 북구,4711335100 죽장면상옥출장소,T2 인구,-,-,-,-,-,-,-,-,-,-,-,-,645,628
"47 경상북도","47110 포항시",47113 북구,4711336000 기북면,T2 인구,-,1963,1900,1831,1748,1679,1629,1561,1523,1490,1436,1417,1405,1384
"47 경상북도","47110 포항시",47113 북구,4711352000 중앙동,T2 인구,-,10242,9654,9080,8484,8001,7712,7485,7425,7221,6980,6730,20350,19901
"47 경상북도","47110 포항시",47113 북구,4711356000 학산동,T2 인구,-,16760,16194,17954,17652,16993,16783,16158,15807,15311,15071,14402,-,-
"47 경상북도","47110 포항시",47113 북구,4711363000 양학동,T2 인구,-,15410,17330,21128,22240,22971,23613,23363,23450,23011,22480,21770,21322,20935
"47 경상북도","47110 포항시",47113 북구,4711364000 죽도1동,T2 인구,-,6365,5959,5601,5233,5275,4978,4714,4637,4466,4311,4144,-,-
"47 경상북도","47110 포항시",47113 북구,4711365000 죽도2동,T2 인구,-,24848,23854,22859,22306,21891,21658,21285,21060,20586,20174,19695,-,-
"47 경상북도","47110 포항시",47113 북구,4711365500 죽도동,T2 인구,-,-,-,-,-,-,-,-,-,-,-,-,23159,23100
"47 경상북도","47110 포항시",47113 북구,4711366500 용흥동,T2 인구,-,33629,33151,32903,32584,31931,31500,30765,30476,29659,29114,28192,27741,27110
"47 경상북도","47110 포항시",47113 북구,4711368000 우창동,T2 인구,-,27554,26999,26699,27653,26884,26701,27793,27673,27154,26829,26863,28020,27682
"47 경상북도","47110 포항시",47113 북구,4711369000 두호동,T2 인구,-,20877,21751,21450,21302,24718,24860,26191,28443,28925,29006,27919,27573,27155
"47 경상북도","47110 포항시",47113 북구,4711370000 장량동,T2 인구,-,19539,22515,22769,22866,23124,23623,26160,25136,24969,25432,32537,36911,43315
"47 경상북도","47110 포항시",47113 북구,4711371000 환여동,T2 인구,-,6571,6054,5957,5811,5455,5249,5042,5282,10679,12577,12349,12363,12142
"47 경상북도","47130 경주시",4713025000 감포읍,소계,T2 인구,9190,8949,8678,8397,8099,7795,7517,7399,7309,7200,7029,6883,6872,6808
"47 경상북도","47130 경주시",4713025300 안강읍,소계,T2 인구,38104,38425,38504,38403,38066,37020,36135,35114,34611,33950,33531,33080,32356,31655
"47 경상북도","47130 경주시",4713025600 건천읍,소계,T2 인구,13235,12985,12688,12705,12451,12057,11611,11255,11157,11004,10895,10662,10650,11341
"47 경상북도","47130 경주시",4713025900 외동읍,소계,T2 인구,20769,20441,20048,19823,19342,18838,18459,18112,17659,17472,17322,17059,16865,16671
"47 경상북도","47130 경주시",4713031000 양북면,소계,T2 인구,5942,5620,5421,5202,4982,4757,4524,4456,4521,4526,4489,4482,4500,4420
"47 경상북도","47130 경주시",4713032000 양남면,소계,T2 인구,8178,7656,7345,7047,6911,6888,6710,6860,7028,7071,7070,6887,7067,7101
"47 경상북도","47130 경주시",4713033000 내남면,소계,T2 인구,7045,6973,6827,6663,6538,6343,6088,6037,6112,5919,5855,5810,5665,5645
"47 경상북도","47130 경주시",4713034000 산내면,소계,T2 인구,4472,4356,4271,4182,4027,3906,3760,3678,3662,3586,3517,3461,3392,3401
"47 경상북도","47130 경주시",4713035000 서면,소계,T2 인구,5339,5255,5082,4861,4688,4552,4376,4239,4141,4090,3977,3931,3952,3883
"47 경상북도","47130 경주시",4713036000 현곡면,소계,T2 인구,7991,8904,10080,10858,10976,11139,11167,11532,11721,13565,16733,16881,16790,16639
"47 경상북도","47130 경주시",4713037000 강동면,소계,T2 인구,8306,8169,9232,9319,9189,9184,8971,8961,8623,8461,8359,8282,7917,7745
"47 경상북도","47130 경주시",4713038000 천북면,소계,T2 인구,7084,6969,6800,6665,6565,6311,6167,6063,6005,5959,6002,5927,5788,5799
"47 경상북도","47130 경주시",4713051500 중부동,소계,T2 인구,-,8491,8661,8728,8506,8164,7868,7510,7370,7186,6952,6894,6838,6801
"47 경상북도","47130 경주시",4713051501 성내동,소계,T2 인구,4265,-,-,-,-,-,-,-,-,-,-,-,-,-
"47 경상북도","47130 경주시",4713052000 성동동,소계,T2 인구,6743,6445,6333,6128,5820,5678,5361,5182,5025,4989,4730,4672,-,-
"47 경상북도","47130 경주시",4713053000 황오동,소계,T2 인구,8051,7695,7336,7114,6766,6740,6597,6240,5897,5689,5454,5246,9553,9237
"47 경상북도","47130 경주시",4713053001 중앙동,소계,T2 인구,4740,-,-,-,-,-,-,-,-,-,-,-,-,-
"47 경상북도","47130 경주시",4713055000 성건동,소계,T2 인구,22135,21844,21317,20805,20445,19794,19488,19049,18759,18524,18253,18219,18158,17960
"47 경상북도","47130 경주시",4713056000 탑정동,소계,T2 인구,7567,7275,7052,6852,6530,6289,6194,5924,5832,5792,5555,5630,-,-
"47 경상북도","47130 경주시",4713057000 황남동,소계,T2 인구,5711,5577,5283,5171,5025,4736,4386,4095,3897,3553,3267,3061,8315,7948
"47 경상북도","47130 경주시",4713057001 인교동,소계,T2 인구,2986,-,-,-,-,-,-,-,-,-,-,-,-,-
"47 경상북도","47130 경주시",4713059000 선도동,소계,T2 인구,10894,11340,11443,11471,12108,12417,12725,13083,13591,13669,13515,13587,13586,13936
"47 경상북도","47130 경주시",4713059001 도동동,소계,T2 인구,3040,-,-,-,-,-,-,-,-,-,-,-,-,-
"47 경상북도","47130 경주시",4713059002 보황동,소계,T2 인구,3145,-,-,-,-,-,-,-,-,-,-,-,-,-
"47 경상북도","47130 경주시",4713060500 월성동,소계,T2 인구,-,8166,7977,7742,7507,7149,6957,6913,6736,6604,6484,6269,6089,6242
"47 경상북도","47130 경주시",4713061500 용강동,소계,T2 인구,14685,14624,14724,14762,15121,15808,16166,16586,16629,16349,15886,15686,16004,16212
"47 경상북도","47130 경주시",4713062100 황성동,소계,T2 인구,27764,29164,30326,30641,30859,31283,31419,31124,30693,30217,29523,29140,29791,29650
"47 경상북도","47130 경주시",4713063000 동천동,소계,T2 인구,22128,24042,24308,24889,25674,26349,27010,27126,27019,26876,26636,26507,26122,26737
"47 경상북도","47130 경주시",4713063001 정래동,소계,T2 인구,5238,-,-,-,-,-,-,-,-,-,-,-,-,-
"47 경상북도","47130 경주시",4713065000 불국동,소계,T2 인구,3513,9290,9219,9167,8871,9006,9212,9066,8862,8934,8930,8893,9002,9092
"47 경상북도","47130 경주시",4713066000 보덕동,소계,T2 인구,2886,2759,2659,2554,2440,2386,2309,2266,2228,2234,2242,2194,2194,2175
"47 경상북도","47150 김천시",4715025000 아포읍,소계,T2 인구,8574,8468,8196,7972,7989,7579,7615,7836,8895,8921,9015,9023,8736,8612
"47 경상북도","47150 김천시",4715031000 농소면,소계,T2 인구,4257,4263,4147,4043,4022,3789,3932,3691,3538,3495,3389,3314,3241,3310
"47 경상북도","47150 김천시",4715032000 남면,소계,T2 인구,4701,4652,4581,4420,4419,4205,4255,4117,4080,4057,4070,4005,3639,3694
"47 경상북도","47150 김천시",4715034000 개령면,소계,T2 인구,3820,3736,3697,3612,3608,3394,3454,3237,3149,3075,3011,3002,2951,2971
"47 경상북도","47150 김천시",4715035000 감문면,소계,T2 인구,5555,5519,5332,5119,5115,4791,4798,4434,4321,4217,4146,4093,3980,3899
"47 경상북도","47150 김천시",4715036000 어모면,소계,T2 인구,6081,6027,5910,5884,6067,5862,6025,5696,5582,5383,5369,5354,5180,5063
"47 경상북도","47150 김천시",4715037000 봉산면,소계,T2 인구,4650,4553,4543,4376,4582,4215,4207,3914,3827,3743,3658,3692,3630,3689
"47 경상북도","47150 김천시",4715038000 대항면,소계,T2 인구,5165,5091,5078,4980,5035,4728,4761,4527,4479,4390,4386,4328,4292,4247
"47 경상북도","47150 김천시",4715039000 감천면,소계,T2 인구,2968,2923,2886,2823,2832,2658,2662,2488,2418,2365,2342,2370,2309,2325
"47 경상북도","47150 김천시",4715040000 조마면,소계,T2 인구,3595,3535,3397,3282,3239,3058,3087,2898,2808,2756,2753,2755,2724,2670
"47 경상북도","47150 김천시",4715041000 구성면,소계,T2 인구,4855,4722,4593,4468,4438,4117,4152,3779,3666,3557,3456,3453,3361,3407
"47 경상북도","47150 김천시",4715042000 지례면,소계,T2 인구,2925,2783,2685,2597,2553,2392,2398,2190,2042,2002,2005,1941,1920,1944
"47 경상북도","47150 김천시",4715043000 부항면,소계,T2 인구,2434,2341,2217,2121,2163,2159,2282,2314,2270,2153,1658,1437,1402,1391
"47 경상북도","47150 김천시",4715044000 대덕면,소계,T2 인구,3456,3371,3271,3193,3235,3023,3318,2987,2903,2753,2684,2592,2526,2482
"47 경상북도","47150 김천시",4715045000 증산면,소계,T2 인구,1706,1683,1629,1570,1587,1514,1515,1433,1381,1331,1287,1289,1273,1242
"47 경상북도","47150 김천시",4715045001 용호동,소계,T2 인구,2684,-,-,-,-,-,-,-,-,-,-,-,-,-
"47 경상북도","47150 김천시",4715045002 모암동,소계,T2 인구,6322,-,-,-,-,-,-,-,-,-,-,-,-,-
"47 경상북도","47150 김천시",4715051500 용암동,소계,T2 인구,-,8804,8358,8109,8063,7525,7504,7048,6820,6491,6221,-,-,-
"47 경상북도","47150 김천시",4715051600 자산동,소계,T2 인구,-,-,-,-,-,-,-,-,-,-,-,9913,9640,9478
"47 경상북도","47150 김천시",4715053000 성내동,소계,T2 인구,5509,5319,5122,-,-,-,-,-,-,-,-,-,-,-
"47 경상북도","47150 김천시",4715053500 성남동,소계,T2 인구,-,-,-,9453,9388,8724,8692,8085,7809,7524,7217,-,-,-
"47 경상북도","47150 김천시",4715053600 평화남산동,소계,T2 인구,-,-,-,-,-,-,-,-,-,-,-,11260,10988,10913
"47 경상북도","47150 김천시",4715054000 평화동,소계,T2 인구,11353,11092,10345,10205,10173,9580,9484,8853,8485,8140,7887,-,-,-
"47 경상북도","47150 김천시",4715055000 남산동,소계,T2 인구,5001,4903,4630,-,-,-,-,-,-,-,-,-,-,-
"47 경상북도","47150 김천시",4715055002 신음동,소계,T2 인구,12167,-,-,-,-,-,-,-,-,-,-,-,-,-
"47 경상북도","47150 김천시",4715055003 금산동,소계,T2 인구,4152,-,-,-,-,-,-,-,-,-,-,-,-,-
"47 경상북도","47150 김천시",4715055004 미곡동,소계,T2 인구,3458,-,-,-,-,-,-,-,-,-,-,-,-,-
"47 경상북도","47150 김천시",4715055005 부곡동,소계,T2 인구,15545,-,-,-,-,-,-,-,-,-,-,-,-,-
"47 경상북도","47150 김천시",4715056500 양금동,소계,T2 인구,7062,8458,7969,7787,7739,7232,7188,6710,6552,6315,6153,5955,5774,5668
"47 경상북도","47150 김천시",4715057500 대신동,소계,T2 인구,-,19047,19782,19739,19986,21219,23186,22794,22535,23660,24430,24551,25110,25750
"47 경상북도","47150 김천시",4715059500 대곡동,소계,T2 인구,-,20509,23762,24591,24933,25636,26254,25380,24802,24221,23690,23406,22949,23028
"47 경상북도","47150 김천시",4715061000 지좌동,소계,T2 인구,8425,8345,9329,9520,9692,9266,9537,9116,9270,9133,10257,10323,10293,10353
"47 경상북도","47150 김천시",4715061001 대응동,소계,T2 인구,2370,-,-,-,-,-,-,-,-,-,-,-,-,-
"47 경상북도","47150 김천시",4715061002 양천동,소계,T2 인구,1576,-,-,-,-,-,-,-,-,-,-,-,-,-
"47 경상북도","47170 안동시",4717025000 풍산읍,소계,T2 인구,10692,10444,10041,9630,9163,8860,8501,8322,8130,7860,7736,7587,7497,7441
"47 경상북도","47170 안동시",4717031000 와룡면,소계,T2 인구,5983,5812,5700,5563,5395,5145,4931,4886,4804,4731,4681,4586,4539,4554
"47 경상북도","47170 안동시",4717032000 북후면,소계,T2 인구,5126,5000,4835,4624,4483,4338,4223,4114,4029,3974,3925,3784,3706,3730
"47 경상북도","47170 안동시",4717033000 서후면,소계,T2 인구,4649,4626,4549,4422,4287,4302,4441,4201,4127,4160,4248,4074,4028,3978
"47 경상북도","47170 안동시",4717034000 풍천면,소계,T2 인구,6708,6539,6305,6015,5865,5628,5423,5267,5103,4978,4805,4916,4970,4914
"47 경상북도","47170 안동시",4717035000 일직면,소계,T2 인구,4929,4890,4746,4591,4395,4255,4091,3999,3856,3781,3693,3579,3509,3445
"47 경상북도","47170 안동시",4717036000 남후면,소계,T2 인구,3079,3010,2859,2803,2708,2614,2501,2403,2322,2316,2307,2271,2198,2170
"47 경상북도","47170 안동시",4717037000 남선면,소계,T2 인구,3480,3447,3306,3203,3134,3031,2917,2789,2779,2697,2652,2614,2615,2562
"47 경상북도","47170 안동시",4717038000 임하면,소계,T2 인구,4586,4487,4396,4261,4106,3940,3863,3838,3773,3713,3765,3599,3522,3418
"47 경상북도","47170 안동시",4717039000 길안면,소계,T2 인구,4935,4783,4609,4451,4274,4110,3951,3804,3693,3570,3489,3432,3406,3335
"47 경상북도","47170 안동시",4717040000 임동면,소계,T2 인구,3208,3145,3109,2924,2800,2659,2601,2549,2526,2443,2389,2285,2214,2225
"47 경상북도","47170 안동시",4717041000 예안면,소계,T2 인구,3215,3102,2956,2813,2728,2632,2511,2475,2410,2305,2244,2163,2132,2104
"47 경상북도","47170 안동시",4717042000 도산면,소계,T2 인구,3174,3023,2937,2802,2692,2556,2440,2362,2269,2210,2197,2094,2057,2036
"47 경상북도","47170 안동시",4717043000 녹전면,소계,T2 인구,3179,2995,2892,2748,2629,2512,2397,2333,2262,2195,2120,2055,2077,2084
"47 경상북도","47170 안동시",4717051000 중구동,소계,T2 인구,5500,9582,9164,8630,8075,7608,7350,7006,6674,6472,6441,6196,6155,5870
"47 경상북도","47170 안동시",4717052000 명륜동,소계,T2 인구,8667,8333,8083,7773,7494,7711,7580,7340,7129,7042,6931,6720,6590,6483
"47 경상북도","47170 안동시",4717052003 동구동,소계,T2 인구,4406,-,-,-,-,-,-,-,-,-,-,-,-,-
"47 경상북도","47170 안동시",4717052004 용성동,소계,T2 인구,22985,-,-,-,-,-,-,-,-,-,-,-,-,-
"47 경상북도","47170 안동시",4717055500 용상동,소계,T2 인구,-,26368,27556,27498,26791,26035,25347,24630,24046,23572,23448,22776,22413,22095
"47 경상북도","47170 안동시",4717058500 서구동,소계,T2 인구,7968,10213,9830,9424,10972,11440,11480,14532,10309,10036,9653,9168,9047,8827
"47 경상북도","47170 안동시",4717060000 태화동,소계,T2 인구,20250,19595,19388,18735,18044,17283,16921,16167,15828,15549,15298,14733,15099,14647
"47 경상북도","47170 안동시",4717061000 법상동,소계,T2 인구,6099,5895,5730,5459,5290,5093,4956,4761,-,-,-,-,-,-
"47 경상북도","47170 안동시",4717062000 평화동,소계,T2 인구,10426,10171,9913,9611,10003,9925,9814,9339,9210,9045,8911,8572,8424,8219
"47 경상북도","47170 안동시",4717063000 안기동,소계,T2 인구,10426,10470,10433,10473,10151,9743,9435,9179,9053,8942,8852,8575,8389,8121
"47 경상북도","47170 안동시",4717065000 옥동,소계,T2 인구,9495,11051,12524,13343,13768,15444,15647,15466,15433,15344,16140,20024,20110,21212
"47 경상북도","47170 안동시",4717066000 송하동,소계,T2 인구,10901,10534,10327,12107,12591,12462,12356,12275,11838,11835,11741,11326,12530,14157
"47 경상북도","47170 안동시",4717066001 송천동,소계,T2 인구,1660,-,-,-,-,-,-,-,-,-,-,-,-,-
"47 경상북도","47170 안동시",4717069000 강남동,소계,T2 인구,2750,-,-,-,-,-,-,-,9784,9963,10250,10171,10205,10259
"47 경상북도","47190 구미시",4719025000 선산읍,소계,T2 인구,20799,20522,19966,20211,20021,19443,19107,18684,17966,17769,17387,16898,16382,16132
"47 경상북도","47190 구미시",4719025300 고아읍,소계,T2 인구,32593,34292,34542,34661,34612,33977,33257,32991,32272,31852,31551,31031,31635,32608
"47 경상북도","47190 구미시",4719031000 무을면,소계,T2 인구,3265,3241,3174,3041,2879,2787,2713,2666,2585,2532,2447,2375,2361,2325
"47 경상북도","47190 구미시",4719032000 옥성면,소계,T2 인구,2802,2742,2692,2588,2493,2378,2316,2302,2255,2186,2140,2160,2119,2126
"47 경상북도","47190 구미시",4719033000 도개면,소계,T2 인구,3786,3757,3575,3460,3342,3223,3150,3099,3001,2958,2861,2820,2790,2690
"47 경상북도","47190 구미시",4719034000 해평면,소계,T2 인구,7348,7160,6894,6709,6428,6270,6156,6000,5890,5841,5750,6027,5989,5857
"47 경상북도","47190 구미시",4719035000 산동면,소계,T2 인구,4513,4508,4360,4206,4022,3880,3813,3834,3784,3870,4150,4329,4598,4350
"47 경상북도","47190 구미시",4719036000 장천면,소계,T2 인구,4551,4628,4516,4406,4203,4079,4110,4056,4041,4019,3956,3893,3860,3825
"47 경상북도","47190 구미시",4719051000 송정동,소계,T2 인구,23253,23813,23302,22893,22587,22447,22439,22537,22597,22329,21446,21229,20315,20281
"47 경상북도","47190 구미시",4719052000 원평1동,소계,T2 인구,6008,6080,5887,5947,5808,5893,5846,5793,5789,5678,5535,5335,5094,4956
"47 경상북도","47190 구미시",4719053000 원평2동,소계,T2 인구,4022,3804,7998,7641,7257,6957,6557,6316,6061,5825,5630,5366,5094,5020
"47 경상북도","47190 구미시",4719054000 원평3동,소계,T2 인구,4610,4479,-,-,-,-,-,-,-,-,-,-,-,-
"47 경상북도","47190 구미시",4719055100 도량동,소계,T2 인구,32384,32630,31633,31485,31124,30926,30529,32886,32519,34353,35031,35255,34182,33818
"47 경상북도","47190 구미시",4719055500 지산동,소계,T2 인구,5578,5477,5255,5076,5021,4736,4649,4398,4219,4090,3925,3699,3461,3291
"47 경상북도","47190 구미시",4719056000 선주동,소계,T2 인구,2449,2787,-,-,-,-,-,-,-,-,-,-,-,-
"47 경상북도","47190 구미시",4719056500 선주원남동,소계,T2 인구,-,-,19692,19973,19927,19869,21028,21219,27523,29813,36319,38904,41089,43750
"47 경상북도","47190 구미시",4719057000 원남동,소계,T2 인구,13070,13854,-,-,-,-,-,-,-,-,-,-,-,-
"47 경상북도","47190 구미시",4719058200 형곡1동,소계,T2 인구,17281,17769,17386,17477,17521,17734,17971,18110,18244,18106,17656,17499,16962,16887
"47 경상북도","47190 구미시",4719058300 형곡2동,소계,T2 인구,22936,23441,23360,23455,24228,24717,24633,24734,24777,24728,23879,23768,23359,23159
"47 경상북도","47190 구미시",4719059000 신평1동,소계,T2 인구,8172,8136,7841,7539,7112,6362,5851,5633,5648,5680,5322,5014,5130,5398
"47 경상북도","47190 구미시",4719060000 신평2동,소계,T2 인구,4982,5017,4803,4546,4332,4214,4074,3891,3978,4016,3922,3793,3668,3628
"47 경상북도","47190 구미시",4719061000 비산동,소계,T2 인구,4712,5437,5589,5527,5495,5342,5075,5018,4940,4884,4798,4643,4636,4656
"47 경상북도","47190 구미시",4719062100 공단1동,소계,T2 인구,9428,9094,8311,7935,8016,7577,6958,6638,6329,5871,4895,4712,4425,4230
"47 경상북도","47190 구미시",4719062200 공단2동,소계,T2 인구,11624,11138,9341,8266,8450,7098,5661,4914,4491,4255,4137,3542,2584,2297
"47 경상북도","47190 구미시",4719063000 광평동,소계,T2 인구,5645,5647,5206,4912,4485,4133,4040,3695,3291,3204,3137,3016,3407,3660
"47 경상북도","47190 구미시",4719064000 사곡동,소계,T2 인구,5482,5413,-,-,-,-,-,-,-,-,-,-,-,-
"47 경상북도","47190 구미시",4719064500 상모사곡동,소계,T2 인구,-,-,12222,12252,14541,18504,20406,24239,26646,28318,29087,29762,29585,29911
"47 경상북도","47190 구미시",4719065000 상모동,소계,T2 인구,3310,3193,-,-,-,-,-,-,-,-,-,-,-,-
"47 경상북도","47190 구미시",4719066000 임오동,소계,T2 인구,11043,11492,11991,12524,13216,14355,15129,15467,15793,16122,16182,16112,17433,17625
"47 경상북도","47190 구미시",4719067000 인동동,소계,T2 인구,27159,27321,27796,28837,33654,37606,44419,49135,50676,52607,53143,53264,51817,54353
"47 경상북도","47190 구미시",4719068000 진미동,소계,T2 인구,6221,7857,9287,9268,9865,12299,12779,14308,15504,20093,22127,22170,21855,21814
"47 경상북도","47190 구미시",4719069000 양포동,소계,T2 인구,12437,13930,18868,22079,23520,23205,22963,23118,23795,25466,25484,27343,32589,36273
"47 경상북도","47210 영주시",4721025000 풍기읍,소계,T2 인구,17376,17123,16728,16093,15603,14980,14307,13907,13523,13135,12865,12636,12543,12613
"47 경상북도","47210 영주시",4721031000 이산면,소계,T2 인구,3888,3752,3651,3552,3529,3429,3410,3357,3227,3193,3163,3150,3254,3271
"47 경상북도","47210 영주시",4721032000 평은면,소계,T2 인구,2914,2881,2818,2742,2711,2624,2609,2568,2494,2398,2327,2277,2574,2497
"47 경상북도","47210 영주시",4721033000 문수면,소계,T2 인구,2704,2658,2578,2426,2365,2251,2153,2080,2071,2007,2048,2063,2119,2113
"47 경상북도","47210 영주시",4721034000 장수면,소계,T2 인구,3381,3308,3225,3142,3008,2951,2807,2746,2695,2643,2590,2572,2526,2529
"47 경상북도","47210 영주시",4721035000 안정면,소계,T2 인구,4734,4597,4394,4236,4134,4009,3810,3705,3663,3652,3586,3556,3512,3526
"47 경상북도","47210 영주시",4721036000 봉현면,소계,T2 인구,4100,3977,3811,3744,3655,3556,3406,3294,3209,3166,3160,3113,3101,3210
"47 경상북도","47210 영주시",4721037000 순흥면,소계,T2 인구,3322,3287,3143,3047,2920,2762,2654,2587,2510,2477,2417,2395,2357,2428
"47 경상북도","47210 영주시",4721038000 단산면,소계,T2 인구,3197,3124,3019,2908,2807,2682,2522,2434,2392,2410,2344,2280,2248,2276
"47 경상북도","47210 영주시",4721039000 부석면,소계,T2 인구,5266,5119,4928,4782,4591,4305,4064,3880,3800,3689,3616,3565,3573,3603
"47 경상북도","47210 영주시",4721051000 상망동,소계,T2 인구,3169,8432,8292,8147,8845,9297,8930,8935,8746,8593,9180,9595,9747,9722
"47 경상북도","47210 영주시",4721052500 하망동,소계,T2 인구,-,8322,8473,8225,7978,7709,8827,8796,8629,8439,8205,7981,8122,8090
"47 경상북도","47210 영주시",4721052501 하망1동,소계,T2 인구,5031,-,-,-,-,-,-,-,-,-,-,-,-,-
"47 경상북도","47210 영주시",4721052502 하망2동,소계,T2 인구,4511,-,-,-,-,-,-,-,-,-,-,-,-,-
"47 경상북도","47210 영주시",4721052503 하망3동,소계,T2 인구,3979,-,-,-,-,-,-,-,-,-,-,-,-,-
"47 경상북도","47210 영주시",4721055000 영주1동,소계,T2 인구,2439,9134,8723,8485,8222,7683,7038,6769,6563,6354,5995,5770,5608,5773
"47 경상북도","47210 영주시",4721056000 영주2동,소계,T2 인구,3413,6880,6748,6632,6503,6283,5847,5640,5473,5337,5193,5065,5035,5098
"47 경상북도","47210 영주시",4721056001 영주3동,소계,T2 인구,3916,-,-,-,-,-,-,-,-,-,-,-,-,-
"47 경상북도","47210 영주시",4721056002 영주4동,소계,T2 인구,7069,-,-,-,-,-,-,-,-,-,-,-,-,-
"47 경상북도","47210 영주시",4721059000 휴천1동,소계,T2 인구,5547,6626,6705,6515,6381,6620,7184,7218,7485,7841,7902,7870,7727,7756
"47 경상북도","47210 영주시",4721060000 휴천2동,소계,T2 인구,14933,14425,14348,13947,13614,13082,12323,12103,11716,11362,11072,10923,10634,10771
"47 경상북도","47210 영주시",4721061000 휴천3동,소계,T2 인구,10672,11995,13113,13099,12718,12418,11778,11560,11406,11226,10773,10665,10466,10409
"47 경상북도","47210 영주시",4721062000 가흥1동,소계,T2 인구,13634,13161,12698,12360,12017,12368,11569,11405,11089,10850,10605,10471,10296,10384
"47 경상북도","47210 영주시",4721063000 가흥2동,소계,T2 인구,6035,5973,6139,7093,7106,7031,8568,8529,8407,8193,8042,7983,7867,7857
"47 경상북도","47230 영천시",4723025000 금호읍,소계,T2 인구,13015,15168,15530,15213,15437,14714,14635,13996,13475,13095,13004,12823,12533,12505
"47 경상북도","47230 영천시",4723031000 청통면,소계,T2 인구,6194,6097,5864,5679,5515,5409,5177,5085,4942,4835,4893,4792,4637,4700
"47 경상북도","47230 영천시",4723032000 신녕면,소계,T2 인구,6433,6317,6137,5919,5720,5477,5280,5110,5008,4919,4958,4775,4673,4642
"47 경상북도","47230 영천시",4723033000 화산면,소계,T2 인구,4821,4702,4559,4437,4282,4122,4050,3968,3863,3761,3780,3685,3664,3672
"47 경상북도","47230 영천시",4723034000 화북면,소계,T2 인구,3276,3166,3105,2997,2868,2750,2607,2524,2459,2489,2474,2451,2551,2550
"47 경상북도","47230 영천시",4723035000 화남면,소계,T2 인구,4227,4100,4057,3863,3696,3560,3442,3342,3297,3233,3261,3268,3325,3288
"47 경상북도","47230 영천시",4723036000 자양면,소계,T2 인구,1471,1448,1376,1329,1279,1253,1206,1173,1177,1145,1165,1170,1161,1188
"47 경상북도","47230 영천시",4723037000 임고면,소계,T2 인구,6030,5793,5595,5355,5177,4945,4773,4676,4569,4480,4520,4406,4394,4371
"47 경상북도","47230 영천시",4723038000 고경면,소계,T2 인구,8314,8318,8008,7709,7468,7100,6832,6539,6433,6212,6314,6194,6596,6621
"47 경상북도","47230 영천시",4723039000 북안면,소계,T2 인구,5946,6021,5828,5679,5576,5402,5250,5174,5025,4893,4997,4892,4793,4800
"47 경상북도","47230 영천시",4723040000 대창면,소계,T2 인구,4317,4252,4130,4059,3898,3748,3615,3460,3370,3309,3296,3210,3216,3252
"47 경상북도","47230 영천시",4723051000 동부동,소계,T2 인구,25254,26045,28007,28457,28524,29010,28216,28253,28243,27990,27601,27042,26532,26513
"47 경상북도","47230 영천시",4723052000 중앙동,소계,T2 인구,8478,10209,9764,9556,9242,9095,9081,8213,8063,7816,8883,9553,9878,10081
"47 경상북도","47230 영천시",4723052001 교동,소계,T2 인구,8255,-,-,-,-,-,-,-,-,-,-,-,-,-
"47 경상북도","47230 영천시",4723053500 서부동,소계,T2 인구,-,8777,8380,8152,7873,7637,7402,7387,7109,6909,6820,6373,6192,6067
"47 경상북도","47230 영천시",4723054000 완산동,소계,T2 인구,6426,6193,5874,5716,6041,5972,5846,5734,5568,5338,5319,5111,4942,4986
"47 경상북도","47230 영천시",4723055500 남부동,소계,T2 인구,-,6003,5716,5519,5395,5207,5011,4886,4736,4605,4534,4277,4028,3954
"47 경상북도","47230 영천시",4723055501 주남동,소계,T2 인구,3456,-,-,-,-,-,-,-,-,-,-,-,-,-
"47 경상북도","47230 영천시",4723055502 봉작동,소계,T2 인구,1663,-,-,-,-,-,-,-,-,-,-,-,-,-
"47 경상북도","47230 영천시",4723055503 영도동,소계,T2 인구,1000,-,-,-,-,-,-,-,-,-,-,-,-,-
"47 경상북도","47230 영천시",4723055504 대전동,소계,T2 인구,1112,-,-,-,-,-,-,-,-,-,-,-,-,-
"47 경상북도","47230 영천시",4723055505 명산동,소계,T2 인구,1510,-,-,-,-,-,-,-,-,-,-,-,-,-
"47 경상북도","47250 상주시",4725025000 함창읍,소계,T2 인구,10024,9767,9551,9193,8940,8658,8370,8122,7798,7609,7432,7205,7245,7121
"47 경상북도","47250 상주시",4725031000 중동면,소계,T2 인구,2495,2371,2278,2162,2034,2012,1963,1883,1884,1872,1865,1855,1889,1861
"47 경상북도","47250 상주시",4725032000 사벌면,소계,T2 인구,6008,5871,5675,5523,5272,5015,4810,4606,4490,4444,4435,4464,4468,4438
"47 경상북도","47250 상주시",4725033000 낙동면,소계,T2 인구,6386,6237,6064,5871,5684,5505,5256,5056,4978,4899,4886,4796,3523,3560
"47 경상북도","47250 상주시",4725033100 낙동면동부출장소,소계,T2 인구,-,-,-,-,-,-,-,-,-,-,-,-,1275,1298
"47 경상북도","47250 상주시",4725034000 청리면,소계,T2 인구,4985,4827,4672,4501,4299,4124,3974,3838,3700,3584,3552,3476,3480,3382
"47 경상북도","47250 상주시",4725035000 공성면,소계,T2 인구,7151,7027,6789,6526,6288,6035,5815,5617,5446,5260,5137,5040,4957,4926
"47 경상북도","47250 상주시",4725036000 외남면,소계,T2 인구,2664,2579,2486,2391,2283,2228,2130,2058,1996,1928,1903,1892,2039,1989
"47 경상북도","47250 상주시",4725037000 내서면,소계,T2 인구,2793,2692,2606,2569,2530,2468,2366,2336,2302,2237,2178,2136,2159,2170
"47 경상북도","47250 상주시",4725038000 모동면,소계,T2 인구,3623,3616,3567,3470,3351,3221,3065,3025,2964,2841,2831,2855,2862,2875
"47 경상북도","47250 상주시",4725039000 모서면,소계,T2 인구,3765,3749,3606,3460,3317,3195,3071,2952,2883,2814,2710,2719,1873,1925
"47 경상북도","47250 상주시",4725039100 모서면서부출장소,소계,T2 인구,-,-,-,-,-,-,-,-,-,-,-,-,818,829
"47 경상북도","47250 상주시",4725040000 화동면,소계,T2 인구,2911,2859,2812,2669,2538,2463,2392,2314,2283,2249,2233,2209,2291,2288
"47 경상북도","47250 상주시",4725041000 화서면,소계,T2 인구,4230,4099,3946,3805,3641,3485,3347,3242,3142,3075,2996,2938,3035,2973
"47 경상북도","47250 상주시",4725042000 화북면,소계,T2 인구,2171,2099,2030,2002,1918,1860,1782,1710,1714,1689,1661,1662,1346,1344
"47 경상북도","47250 상주시",4725042100 화북면서부출장소,소계,T2 인구,-,-,-,-,-,-,-,-,-,-,-,-,419,384
"47 경상북도","47250 상주시",4725043000 외서면,소계,T2 인구,3860,3799,3622,3511,3470,3361,3198,3104,2979,2933,2924,2899,2980,2988
"47 경상북도","47250 상주시",4725044000 은척면,소계,T2 인구,2661,2582,2516,2448,2316,2186,2097,2051,1978,1884,1837,1802,1442,1377
"47 경상북도","47250 상주시",4725044100 은척면북부출장소,소계,T2 인구,-,-,-,-,-,-,-,-,-,-,-,-,438,418
"47 경상북도","47250 상주시",4725045000 공검면,소계,T2 인구,3988,3855,3721,3529,3410,3265,3119,2977,2874,2775,2713,2650,2652,2606
"47 경상북도","47250 상주시",4725046000 이안면,소계,T2 인구,3512,3410,3245,3120,2993,2875,2778,2678,2585,2562,2459,2415,2420,2345
"47 경상북도","47250 상주시",4725047000 화남면,소계,T2 인구,1245,1189,1139,1098,1049,1026,972,924,882,871,888,876,889,919
"47 경상북도","47250 상주시",4725047001 중앙동,소계,T2 인구,4708,-,-,-,-,-,-,-,-,-,-,-,-,-
"47 경상북도","47250 상주시",4725052000 남원동,소계,T2 인구,14847,14849,14830,14724,14075,13618,13270,12844,12829,12756,12537,12390,12452,12686
"47 경상북도","47250 상주시",4725053000 북문동,소계,T2 인구,6996,7010,7034,7083,6955,6817,6700,6484,6360,6256,6192,6360,6551,6424
"47 경상북도","47250 상주시",4725054000 계림동,소계,T2 인구,9310,9369,9668,9820,9679,9313,9228,8930,8876,8731,8594,8447,8422,8393
"47 경상북도","47250 상주시",4725055000 동문동,소계,T2 인구,6764,11579,11464,11292,11673,11650,11323,11270,10974,10708,10434,10188,10101,10070
"47 경상북도","47250 상주시",4725056000 동성동,소계,T2 인구,5426,5658,5535,5543,5363,5228,5082,4923,4807,4619,4525,4446,4509,4358
"47 경상북도","47250 상주시",4725057000 신흥동,소계,T2 인구,8041,8166,8271,8364,8969,9391,9229,9641,9720,9684,9678,9661,9673,9660
"47 경상북도","47280 문경시",4728025000 문경읍,소계,T2 인구,9881,9646,9458,9408,9353,8632,8349,8122,7933,7746,7619,7668,6428,6460
"47 경상북도","47280 문경시",4728025100 문경읍갈평출장소,소계,T2 인구,-,-,-,-,-,-,-,-,-,-,-,-,1179,1204
"47 경상북도","47280 문경시",4728025300 가은읍,소계,T2 인구,6041,5884,5691,5594,5349,5075,4819,4750,4637,4459,4311,4339,3583,3583
"47 경상북도","47280 문경시",4728025310 가은읍북부출장소,소계,T2 인구,-,-,-,-,-,-,-,-,-,-,-,-,840,851
"47 경상북도","47280 문경시",4728031000 영순면,소계,T2 인구,3803,3701,3636,3612,3620,3247,3139,3019,2952,2788,2702,2754,2856,2951
"47 경상북도","47280 문경시",4728032000 산양면,소계,T2 인구,5110,4917,4792,4748,4770,4377,4192,4014,3871,3751,3670,3768,3767,3688
"47 경상북도","47280 문경시",4728033000 호계면,소계,T2 인구,3398,3287,3249,3253,3205,3008,2894,2788,2719,2619,2570,2635,2822,2865
"47 경상북도","47280 문경시",4728034000 산북면,소계,T2 인구,4393,4267,4080,4074,4081,3687,3522,3413,3320,3225,3164,3145,3194,3197
"47 경상북도","47280 문경시",4728035000 동로면,소계,T2 인구,2326,2281,2244,2235,2148,1956,1872,1822,1799,1768,1686,1754,1783,1823
"47 경상북도","47280 문경시",4728036000 마성면,소계,T2 인구,5889,5699,5514,5308,5167,4797,4663,4449,4282,4179,4047,4060,4109,4053
"47 경상북도","47280 문경시",4728037000 농암면,소계,T2 인구,3651,3643,3549,3448,3348,3134,3004,2919,2865,2835,2765,2858,2888,3010
"47 경상북도","47280 문경시",4728051500 점촌동,소계,T2 인구,6839,6561,6246,6303,6008,5609,-,-,-,-,-,-,-,-
"47 경상북도","47280 문경시",4728052000 중앙동,소계,T2 인구,7500,7199,7054,7062,7025,6361,-,-,-,-,-,-,-,-
"47 경상북도","47280 문경시",4728053000 신흥동,소계,T2 인구,12152,12011,11816,11903,11917,11160,-,-,-,-,-,-,-,-
"47 경상북도","47280 문경시",4728054000 신기동,소계,T2 인구,2447,2305,-,-,-,-,-,-,-,-,-,-,-,-
"47 경상북도","47280 문경시",4728054500 신평동,소계,T2 인구,-,-,4913,5040,5006,4553,-,-,-,-,-,-,-,-
"47 경상북도","47280 문경시",4728055000 대성동,소계,T2 인구,1706,1625,-,-,-,-,-,-,-,-,-,-,-,-
"47 경상북도","47280 문경시",4728056000 모전동,소계,T2 인구,16638,18137,17902,17912,18094,18153,-,-,-,-,-,-,-,-
"47 경상북도","47280 문경시",4728057000 점촌1동,소계,T2 인구,-,-,-,-,-,-,5401,7342,7107,6812,6684,6730,6559,6430
"47 경상북도","47280 문경시",4728058000 점촌2동,소계,T2 인구,-,-,-,-,-,-,5968,9153,8891,8644,8459,8381,8339,8465
"47 경상북도","47280 문경시",4728059000 점촌3동,소계,T2 인구,-,-,-,-,-,-,10690,10405,10286,10092,9984,9758,9856,10165
"47 경상북도","47280 문경시",4728060000 점촌4동,소계,T2 인구,-,-,-,-,-,-,4304,4157,4145,4022,3881,3815,3792,3780
"47 경상북도","47280 문경시",4728061000 점촌5동,소계,T2 인구,-,-,-,-,-,-,18441,13199,13251,13237,13238,13821,14650,14866
"47 경상북도","47290 경산시",4729025000 하양읍,소계,T2 인구,26015,27435,29454,30415,30325,30000,29544,29030,28885,29508,29119,28831,27973,27619
"47 경상북도","47290 경산시",4729025300 진량읍,소계,T2 인구,30987,35640,37428,38513,38487,37922,37143,36714,37298,37534,38027,38806,38913,39078
"47 경상북도","47290 경산시",4729031000 와촌면,소계,T2 인구,7844,7665,7566,7295,7170,7052,6901,6867,6792,6666,6484,6513,6449,6412
"47 경상북도","47290 경산시",4729033000 자인면,소계,T2 인구,8651,8610,8449,8413,8199,7887,7607,7421,7230,7045,6914,6805,6587,6488
"47 경상북도","47290 경산시",4729034000 용성면,소계,T2 인구,5109,5005,4816,4686,4536,4412,4251,4139,4041,3983,3989,3991,3888,3826
"47 경상북도","47290 경산시",4729035000 남산면,소계,T2 인구,4826,4818,4876,4903,4800,4680,4514,4394,4325,4219,4206,4154,4085,3999
"47 경상북도","47290 경산시",4729036000 압량면,소계,T2 인구,11904,13267,13714,13276,13237,13248,13141,13027,12821,12705,12638,12533,12329,12397
"47 경상북도","47290 경산시",4729037000 남천면,소계,T2 인구,4535,4427,4445,4212,4148,4117,4081,3977,3920,3792,3749,3724,3601,3539
"47 경상북도","47290 경산시",4729051000 중방동,소계,T2 인구,8739,8521,8520,8526,8340,8196,8075,7794,7665,7544,7346,7321,7027,9948
"47 경상북도","47290 경산시",4729052000 중앙동,소계,T2 인구,9049,9013,9020,8938,8818,8659,8669,8266,7918,7719,7670,7648,7385,7360
"47 경상북도","47290 경산시",4729053000 남부동,소계,T2 인구,10240,10092,9909,9749,9525,9332,9072,8960,13462,16464,17635,17667,17092,17068
"47 경상북도","47290 경산시",4729054000 서부동,소계,T2 인구,48217,50572,51490,51757,51310,51095,49970,-,-,-,-,-,-,-
"47 경상북도","47290 경산시",4729054100 서부1동,소계,T2 인구,-,-,-,-,-,-,-,30512,32899,36563,37640,37663,38245,39210
"47 경상북도","47290 경산시",4729054200 서부2동,소계,T2 인구,-,-,-,-,-,-,-,21326,21902,21481,21262,21242,20882,20723
"47 경상북도","47290 경산시",4729055000 북부동,소계,T2 인구,5268,5177,5200,5359,5593,6196,6697,10011,11646,12663,12867,13047,12573,12565
"47 경상북도","47290 경산시",4729056000 동부동,소계,T2 인구,16920,17202,17602,17779,21507,25650,26575,27141,26962,26953,27335,27478,29430,30476
"47 경상북도","47720 군위군",4772025000 군위읍,소계,T2 인구,9787,9737,9881,10058,10104,10000,9149,9006,8602,8389,8178,8020,7931,7957
"47 경상북도","47720 군위군",4772031000 소보면,소계,T2 인구,3404,3395,3412,3428,3539,3236,3150,3174,3122,2900,2716,2698,2643,2607
"47 경상북도","47720 군위군",4772032000 효령면,소계,T2 인구,4971,4850,4939,5075,5482,4969,4736,4706,4516,4362,4248,4211,4192,4158
"47 경상북도","47720 군위군",4772033000 부계면,소계,T2 인구,2941,2863,2929,2939,3085,2780,2630,2472,2455,2377,2288,2293,2232,2149
"47 경상북도","47720 군위군",4772034000 우보면,소계,T2 인구,2911,2825,2855,2868,2974,2900,2687,2501,2414,2289,2248,2207,2221,2213
"47 경상북도","47720 군위군",4772035000 의흥면,소계,T2 인구,3828,3730,3641,3820,4107,3512,3327,3270,3145,3073,2990,2906,2876,2816
"47 경상북도","47720 군위군",4772036000 산성면,소계,T2 인구,2012,1947,1980,2066,2225,1956,1748,1617,1564,1509,1465,1432,1393,1393
"47 경상북도","47720 군위군",4772037000 고로면,소계,T2 인구,2209,2143,2209,2383,2539,2301,2335,2079,1891,1788,1648,1542,1478,1443
"47 경상북도","47730 의성군",4773025000 의성읍,소계,T2 인구,18675,18702,18453,18056,17537,16832,16295,15937,15570,15359,15089,14870,14720,14730
"47 경상북도","47730 의성군",4773031000 단촌면,소계,T2 인구,3479,3408,3290,3186,3110,2976,2866,2779,2692,2604,2504,2389,2341,2306
"47 경상북도","47730 의성군",4773032000 점곡면,소계,T2 인구,2734,2760,2730,2640,2544,2385,2340,2256,2211,2139,2047,2001,2014,1978
"47 경상북도","47730 의성군",4773033000 옥산면,소계,T2 인구,3062,3020,2954,2827,2736,2648,2530,2439,2403,2340,2311,2218,2189,2182
"47 경상북도","47730 의성군",4773034000 사곡면,소계,T2 인구,2759,2703,2621,2512,2419,2339,2258,2166,2080,1996,1912,1845,1794,1785
"47 경상북도","47730 의성군",4773035000 춘산면,소계,T2 인구,2435,2436,2409,2363,2255,2145,2066,1991,1911,1855,1778,1754,1758,1742
"47 경상북도","47730 의성군",4773036000 가음면,소계,T2 인구,2374,2340,2244,2167,2095,2006,1953,1885,1837,1785,1725,1693,1658,1625
"47 경상북도","47730 의성군",4773037000 금성면,소계,T2 인구,7013,6940,6805,6480,6274,6020,5771,5574,5425,5326,5212,5152,5066,5007
"47 경상북도","47730 의성군",4773038000 봉양면,소계,T2 인구,5655,5544,5464,5347,5203,4998,4800,4616,4521,4404,4314,4230,4148,4133
"47 경상북도","47730 의성군",4773039000 비안면,소계,T2 인구,4059,3969,3868,3715,3544,3411,3270,3130,3021,2925,2854,2811,2771,2779
"47 경상북도","47730 의성군",4773040000 구천면,소계,T2 인구,2904,2816,2759,2678,2596,2469,2379,2301,2250,2201,2147,2073,2065,2041
"47 경상북도","47730 의성군",4773041000 단밀면,소계,T2 인구,3043,3034,2928,2827,2710,2582,2498,2379,2347,2326,2236,2219,2173,2179
"47 경상북도","47730 의성군",4773042000 단북면,소계,T2 인구,3132,2984,2998,2916,2803,2741,2637,2544,2420,2316,2283,2203,2160,2149
"47 경상북도","47730 의성군",4773043000 안계면,소계,T2 인구,6874,6846,6669,6450,6277,6019,5831,5651,5571,5490,5331,5220,5161,5151
"47 경상북도","47730 의성군",4773044000 다인면,소계,T2 인구,6847,6750,6602,6330,6130,5938,5728,5511,5338,5187,5086,4918,4784,4732
"47 경상북도","47730 의성군",4773045000 신평면,소계,T2 인구,1396,1359,1309,1257,1207,1140,1088,1024,1009,1014,962,927,905,917
"47 경상북도","47730 의성군",4773046000 안평면,소계,T2 인구,3686,3527,3406,3255,3145,2947,2832,2765,2703,2589,2524,2470,2396,2397
"47 경상북도","47730 의성군",4773047000 안사면,소계,T2 인구,1406,1421,1357,1321,1287,1267,1230,1176,1148,1091,1051,1040,1006,999
"47 경상북도","47770 영덕군",4777025000 영덕읍,소계,T2 인구,13146,13270,13111,12778,12579,13581,12191,12148,11963,12900,11707,11531,11305,11204
"47 경상북도","47770 영덕군",4777031000 강구면,소계,T2 인구,9904,9916,9740,9537,9298,9664,8687,8443,8325,8626,8156,8007,7765,7711
"47 경상북도","47770 영덕군",4777032000 남정면,소계,T2 인구,4053,4023,3886,3725,3565,3947,3355,3247,3208,3227,3083,2983,2913,2917
"47 경상북도","47770 영덕군",4777033000 달산면,소계,T2 인구,1770,1745,1679,1639,1567,1735,1488,1457,1415,1455,1402,1383,1334,1315
"47 경상북도","47770 영덕군",4777034000 지품면,소계,T2 인구,3569,3490,3326,3175,3027,3267,2855,2699,2667,2764,2581,2544,1744,1721
"47 경상북도","47770 영덕군",4777034100 지품면원전출장소,소계,T2 인구,-,-,-,-,-,-,-,-,-,-,-,-,719,711
"47 경상북도","47770 영덕군",4777035000 축산면,소계,T2 인구,4556,4533,4457,4320,4127,4224,3933,3784,3715,3664,3443,3349,1005,1008
"47 경상북도","47770 영덕군",4777035100 축산면축산출장소,소계,T2 인구,-,-,-,-,-,-,-,-,-,-,-,-,2271,2217
"47 경상북도","47770 영덕군",4777036000 영해면,소계,T2 인구,9485,9399,9211,8924,8730,9160,8277,8065,7900,7936,7553,7490,7374,7336
"47 경상북도","47770 영덕군",4777037000 병곡면,소계,T2 인구,4974,4801,4626,4430,4238,4425,3911,3811,3659,3699,3506,3441,3327,3263
"47 경상북도","47770 영덕군",4777038000 창수면,소계,T2 인구,2901,2822,2694,2603,2462,2599,2268,2172,2151,2189,2039,1979,1953,1974
"47 경상북도","47820 청도군",4782025000 화양읍,소계,T2 인구,8277,8300,8148,7701,7708,7709,7716,7488,7521,7352,7343,7214,5911,6514
"47 경상북도","47820 청도군",4782025100 화양읍남성현출장,소계,T2 인구,-,-,-,-,-,-,-,-,-,-,-,-,1295,1255
"47 경상북도","47820 청도군",4782025300 청도읍,소계,T2 인구,17158,17160,16896,16194,15888,15682,15497,14732,14309,14030,13770,13532,11495,11241
"47 경상북도","47820 청도군",4782025310 청도읍유호출장소,소계,T2 인구,-,-,-,-,-,-,-,-,-,-,-,-,1889,1848
"47 경상북도","47820 청도군",4782031000 각남면,소계,T2 인구,3353,3355,3206,3046,2925,2886,2793,2603,2561,2517,2453,2380,2347,2274
"47 경상북도","47820 청도군",4782032000 풍각면,소계,T2 인구,5868,5870,5713,5398,5229,5098,5014,4778,4621,4541,4424,4363,4301,4356
"47 경상북도","47820 청도군",4782033000 각북면,소계,T2 인구,2611,2615,2580,2462,2409,2380,2374,2253,2192,2195,2196,2219,2195,2173
"47 경상북도","47820 청도군",4782034000 이서면,소계,T2 인구,5725,5726,5453,5346,5238,5190,5125,4815,4782,4788,4812,4724,4752,4724
"47 경상북도","47820 청도군",4782035000 운문면,소계,T2 인구,2892,2905,2913,2786,2656,2612,2603,2493,2485,2431,2450,2393,2321,2313
"47 경상북도","47820 청도군",4782036000 금천면,소계,T2 인구,4965,4973,4942,4447,4328,4276,4275,4009,3910,3955,3834,3768,3665,3629
"47 경상북도","47820 청도군",4782037000 매전면,소계,T2 인구,5749,5754,5661,5117,4887,4883,4744,4507,4367,4335,4233,4118,4108,4064
"47 경상북도","47830 고령군",4783025000 고령읍,소계,T2 인구,11272,11449,11344,11278,11233,11217,10881,10760,10718,10738,10537,10367,10403,10686
"47 경상북도","47830 고령군",4783031000 덕곡면,소계,T2 인구,1944,1866,1863,1813,1758,1705,1680,1655,1619,1595,1559,1520,1514,1523
"47 경상북도","47830 고령군",4783032000 운수면,소계,T2 인구,2719,2643,2620,2577,2498,2373,2340,2282,2273,2318,2285,2220,2193,2151
"47 경상북도","47830 고령군",4783033000 성산면,소계,T2 인구,3832,3758,3783,3604,3500,3415,3284,3224,3204,3176,3053,3005,2957,2954
"47 경상북도","47830 고령군",4783034000 다산면,소계,T2 인구,7394,7398,7483,7478,7433,7262,7147,7198,7248,7925,8681,8977,8918,8957
"47 경상북도","47830 고령군",4783035000 개진면,소계,T2 인구,3112,2976,2942,2842,2692,2553,2510,2460,2450,2425,2344,2312,2266,2284
"47 경상북도","47830 고령군",4783036000 우곡면,소계,T2 인구,2802,2724,2682,2586,2471,2437,2295,2234,2187,2123,2088,2044,2056,2023
"47 경상북도","47830 고령군",4783037000 쌍림면,소계,T2 인구,5706,5633,5534,5409,5211,5016,4805,4709,4572,4477,4360,4325,4228,4100
"47 경상북도","47840 성주군",4784025000 성주읍,소계,T2 인구,14125,14172,14329,14123,14152,14573,13910,13809,13652,13523,13461,13372,13422,13218
"47 경상북도","47840 성주군",4784031000 선남면,소계,T2 인구,7547,7530,7539,7328,7180,7363,7047,6925,6790,6712,6709,6642,6858,6816
"47 경상북도","47840 성주군",4784032000 용암면,소계,T2 인구,4699,4602,4451,4392,4307,4586,4168,4064,4036,3972,3830,3767,3826,3790
"47 경상북도","47840 성주군",4784033000 수륜면,소계,T2 인구,4367,4238,4139,3944,3902,3974,3674,3594,3544,3482,3329,3260,3321,3315
"47 경상북도","47840 성주군",4784034000 가천면,소계,T2 인구,2641,2639,2573,2483,2403,2417,2256,2201,2153,2083,2066,2017,2055,2048
"47 경상북도","47840 성주군",4784035000 금수면,소계,T2 인구,1396,1363,1367,1323,1311,1311,1197,1192,1203,1204,1166,1147,1198,1195
"47 경상북도","47840 성주군",4784036000 대가면,소계,T2 인구,3442,3345,3231,3150,3031,3073,2891,2787,2731,2735,2643,2532,2621,2577
"47 경상북도","47840 성주군",4784037000 벽진면,소계,T2 인구,4427,4435,4431,4297,4233,4360,3992,3886,3801,3736,3625,3553,3565,3542
"47 경상북도","47840 성주군",4784038000 초전면,소계,T2 인구,6277,6227,6150,5963,5939,6087,5759,5606,5444,5373,5274,5256,5242,5239
"47 경상북도","47840 성주군",4784039000 월항면,소계,T2 인구,4292,4269,4195,4101,3922,4017,3761,3667,3606,3538,3577,3478,3508,3549
"47 경상북도","47850 칠곡군",4785025000 왜관읍,소계,T2 인구,30821,31310,31323,31087,30729,30383,30107,29793,29861,29974,31021,32303,32381,32948
"47 경상북도","47850 칠곡군",4785025300 북삼읍,소계,T2 인구,-,-,-,-,-,-,21781,22178,22795,23797,24660,25081,25358,25491
"47 경상북도","47850 칠곡군",4785025600 석적읍,소계,T2 인구,-,-,-,-,-,-,-,-,-,23091,24333,26259,27464,28465
"47 경상북도","47850 칠곡군",4785031000 지천면,소계,T2 인구,7019,6926,6741,6637,6487,6320,6069,6030,5998,5941,5786,5519,5378,5345
"47 경상북도","47850 칠곡군",4785032000 동명면,소계,T2 인구,7323,7093,6928,6794,6888,6742,6634,6518,6541,6444,6376,6403,6256,6261
"47 경상북도","47850 칠곡군",4785033000 가산면,소계,T2 인구,4889,4896,4781,4706,4532,4396,4273,4214,4249,4290,4248,4104,4061,4018
"47 경상북도","47850 칠곡군",4785034000 석적면,소계,T2 인구,3683,4133,4317,14692,16122,17332,18104,19222,20096,-,-,-,-,-
"47 경상북도","47850 칠곡군",4785035000 북삼면,소계,T2 인구,16948,17344,18720,19273,19935,21209,-,-,-,-,-,-,-,-
"47 경상북도","47850 칠곡군",4785036000 약목면,소계,T2 인구,17348,17317,17153,17049,16784,16327,15833,15506,15225,14968,14590,14056,13641,13464
"47 경상북도","47850 칠곡군",4785037000 기산면,소계,T2 인구,3469,3401,3319,3299,3266,3135,3042,3014,2985,2885,2837,2747,2749,3095
"47 경상북도","47900 예천군",4790025000 예천읍,소계,T2 인구,21610,21495,21127,20593,20266,19490,18966,18750,18482,18135,17822,17578,17549,17593
"47 경상북도","47900 예천군",4790031000 용문면,소계,T2 인구,3928,3857,3713,3576,3429,3257,3110,2977,2917,2908,2805,2754,2704,2705
"47 경상북도","47900 예천군",4790032000 상리면,소계,T2 인구,1747,1742,1638,1562,1489,1427,1375,1350,1313,1276,1306,1285,1249,1268
"47 경상북도","47900 예천군",4790033000 하리면,소계,T2 인구,2287,2205,2127,2057,1973,1896,1851,1724,1693,1669,1643,1591,1572,1581
"47 경상북도","47900 예천군",4790034000 감천면,소계,T2 인구,4599,4533,4361,4177,4006,3847,3688,3551,3464,3462,3333,3240,3172,3122
"47 경상북도","47900 예천군",4790035000 보문면,소계,T2 인구,3032,2952,2864,2670,2533,2456,2293,2202,2127,2131,2022,1965,1981,1930
"47 경상북도","47900 예천군",4790036000 호명면,소계,T2 인구,3882,3779,3675,3566,3461,3340,3222,3158,3063,3052,2985,3016,3007,2957
"47 경상북도","47900 예천군",4790037000 유천면,소계,T2 인구,4475,4404,4329,4286,4110,3958,3764,3663,3529,3548,3365,3343,3194,3201
"47 경상북도","47900 예천군",4790038000 용궁면,소계,T2 인구,4846,4765,4559,4385,4209,4025,3852,3708,3613,3572,3411,3288,3198,3149
"47 경상북도","47900 예천군",4790039000 개포면,소계,T2 인구,2958,2900,2748,2652,2580,2479,2370,2255,2199,2162,2117,2021,1956,1943
"47 경상북도","47900 예천군",4790040000 지보면,소계,T2 인구,5267,5161,4927,4783,4577,4345,4150,3972,3847,3720,3595,3542,3520,3451
"47 경상북도","47900 예천군",4790041000 풍양면,소계,T2 인구,6012,5888,5760,5578,5448,5226,5008,4822,4704,4583,4462,4370,4204,4149
"47 경상북도","47920 봉화군",4792025000 봉화읍,소계,T2 인구,13133,12955,12889,12672,12406,11995,11899,11596,11400,11132,10934,10877,10784,10760
"47 경상북도","47920 봉화군",4792031000 물야면,소계,T2 인구,4823,4676,4533,4361,4167,3964,4016,3754,3641,3518,3436,3392,3376,3411
"47 경상북도","47920 봉화군",4792032000 봉성면,소계,T2 인구,3401,3308,3159,3061,2977,2893,2789,2696,2644,2583,2538,2500,2437,2470
"47 경상북도","47920 봉화군",4792033000 법전면,소계,T2 인구,3230,3179,2991,2840,2783,2700,2733,2550,2453,2368,2316,2292,2228,2260
"47 경상북도","47920 봉화군",4792034000 춘양면,소계,T2 인구,7030,6901,6709,6393,6104,5943,5801,5479,5360,5154,5094,5019,5003,5059
"47 경상북도","47920 봉화군",4792035000 소천면,소계,T2 인구,3335,3348,3214,3067,2919,2814,2860,2639,2556,2519,2454,2441,2418,2471
"47 경상북도","47920 봉화군",4792036000 재산면,소계,T2 인구,2329,2294,2231,2132,2007,1942,1895,1774,1733,1692,1699,1675,1683,1723
"47 경상북도","47920 봉화군",4792037000 명호면,소계,T2 인구,3294,3272,3190,3004,2881,2755,2658,2574,2495,2428,2414,2363,2343,2350
"47 경상북도","47920 봉화군",4792038000 상운면,소계,T2 인구,2977,2864,2690,2596,2469,2370,2411,2201,2123,2070,2026,1966,1976,1971
"47 경상북도","47920 봉화군",4792039000 석포면,소계,T2 인구,2908,2940,2831,2739,2651,2476,2377,2263,2194,2144,2135,2103,2049,2092
"47 경상북도","47930 울진군",4793025000 울진읍,소계,T2 인구,14305,14423,14311,14255,14329,14113,13827,13545,13373,13469,13555,13426,13819,13920
"47 경상북도","47930 울진군",4793025300 평해읍,소계,T2 인구,5028,4922,4745,4633,4493,4306,4198,4079,4012,3798,3705,3546,3511,3439
"47 경상북도","47930 울진군",4793031000 북면,소계,T2 인구,9357,8938,9048,9554,9876,9549,9046,8595,8088,7778,7490,7448,6556,6570
"47 경상북도","47930 울진군",4793031100 북면하당출장소,소계,T2 인구,-,-,-,-,-,-,-,-,-,-,-,-,761,731
"47 경상북도","47930 울진군",4793032000 서면,소계,T2 인구,2760,2706,2636,2511,2388,2197,2039,1948,1862,1779,1733,1671,1672,1630
"47 경상북도","47930 울진군",4793033000 근남면,소계,T2 인구,4421,4361,4204,4048,3991,3863,3718,3529,3408,3262,3144,3118,2980,3020
"47 경상북도","47930 울진군",4793034000 원남면,소계,T2 인구,3841,3754,3638,3481,3275,3192,3043,2895,2794,2744,2679,2644,2546,2541
"47 경상북도","47930 울진군",4793035000 기성면,소계,T2 인구,4581,4492,4337,4158,3997,3858,3668,3539,3440,3329,3214,3097,3004,2984
"47 경상북도","47930 울진군",4793036000 온정면,소계,T2 인구,3472,3425,3265,3145,3016,2936,2787,2669,2555,2416,2338,2251,2199,2137
"47 경상북도","47930 울진군",4793037000 죽변면,소계,T2 인구,9755,9597,9458,9356,9421,9044,8685,8132,7724,7341,7183,7054,6893,6946
"47 경상북도","47930 울진군",4793038000 후포면,소계,T2 인구,11625,11724,11617,11157,10902,10453,10020,9659,9451,9160,8914,8787,8588,8512
